AXP,BA,CAT,CSCO,CVX,DIS,GS,HD,IBM,SP500
65.53,134.44,83.84,30.52,102.32,96.39,166.23,135.46,160.04,2183.87
65.36,134.99,83.59,30.63,101.94,95.87,166.26,135.34,160,2182.64
65.68,134.14,84.01,30.98,101.68,95.97,166.08,136.22,160.26,2186.9
65.16,133.29,83.15,31.06,102.2,95.82,165.3,135.06,159.05,2175.44
65,132.98,82.84,31.29,101.89,95.55,165.9,135.43,158.63,2172.47
64.79,132.23,82.66,31.35,101.32,95.21,165.97,134.36,158.32,2169.04
65.52,132.9,83.1,31.58,102.05,94.87,166.87,135.24,159.72,2180.38
65.45,130.81,82.48,31.54,101.7,94.86,169.37,134.1,159.4,2176.12
65.58,129.45,81.95,31.44,100.58,94.46,169.46,134.12,158.88,2170.95
64.86,129.9,81.45,31.58,100.21,94.26,168.51,134.23,159.54,2170.86
65.19,131.16,81.69,31.83,100.93,94.42,169.18,135.15,159.55,2179.98
65.76,132.99,82.08,31.87,102.43,93.8,169.33,134.1,160.35,2186.48
66.19,132.64,83.72,31.79,102.88,93.71,169.67,132.79,161.64,2186.16
66.24,132.9,83.54,31.47,104.12,94.09,171.66,131.26,159,2181.3
65.12,128.53,80.79,30.85,101.27,92.42,168.57,127.74,155.69,2127.81
65.9,130.12,81.92,31.44,102.25,93.64,171.06,128.59,158.29,2159.04
64.36,128.76,80.23,31.06,99.43,92.7,167,125.72,155.81,2127.02
63.48,127.67,81.02,31,98.42,92.26,166.16,126.26,154.05,2125.77
63.83,127.77,82.03,31.31,99.5,92.5,168.08,126.96,155.66,2147.26
63.66,126.7,82.05,30.84,97.84,92.56,166,126.11,153.84,2139.16
64.06,127.48,81.88,31.02,98.04,92.63,166.21,126.29,154.87,2139.12
63.72,127.79,81.7,31.1,97.7,92.95,166.47,126.83,154.45,2139.76
64.28,130.56,83.47,31.36,99.63,92.39,167.03,128.11,155.53,2163.12
64.63,131.87,83.5,31.66,99.98,93.41,168.02,128.75,156.11,2177.18
63.85,131.78,82.44,31.34,99.22,93.27,165.13,127.79,154.98,2164.69
63.42,130.57,82.37,31.07,98.78,91.96,161.48,125.45,153.98,2146.1
64.28,131.32,82.88,31.48,98.98,91.72,162.89,126.82,156.77,2159.93
64.22,132.23,86.59,31.5,102.15,92.2,163.45,128.27,158.29,2171.37
63.37,131.03,87.47,31.39,101.27,91.8,158.95,127.93,158.11,2151.13
64.04,131.74,88.77,31.72,102.92,92.86,161.27,128.68,158.85,2168.27
63.81,132.38,88.28,31.5,102.45,92.49,161.07,128.5,157.61,2161.2
63.91,132.25,87.51,31.35,101.27,92.59,162.27,128.2,156.46,2150.49
64.36,134.66,89.42,31.59,102.23,92.45,166.4,127.58,157.08,2159.73
61.94,134.42,89.29,31.48,102.18,92.83,167.15,130.19,156.88,2160.77
61.76,133.85,88.47,31.47,102.27,92.49,169.83,128.31,155.67,2153.74
61.9,135.84,88.22,31.47,103.98,92.49,171.04,127.25,157.02,2163.66
60.86,133.74,87.47,31.04,103.04,91.86,169.04,125.85,154.79,2136.73
60.69,133.16,87.58,30.34,102.15,91.41,169.3,126.69,154.29,2139.18
60.41,133.38,86.97,30.17,100.79,91.12,167.42,126.29,153.72,2132.55
60.15,133.5,87.67,30.18,101.08,91.3,170.52,126.42,154.45,2132.98
59.9,134,87.29,30.22,101.36,90.83,169,125.14,154.77,2126.5
60.08,135.1,87.22,30.44,101.79,91.17,172.63,125.74,150.72,2139.6
61.25,136.18,88,30.35,102.27,91.93,174.51,125.89,151.26,2144.29
66.78,135.84,86.63,30.16,101.87,92.03,174.51,126.25,151.52,2141.34
67.36,135.63,86.33,30.15,101.3,93.03,174.67,126.6,149.63,2141.16
67.09,137.45,85.99,30.46,100.66,93.37,175.12,127.78,150.57,2151.33
66.74,139.02,84.48,30.34,100.77,92.75,175.55,123.34,150.88,2143.16
66.8,145.54,84.13,30.55,101.19,93.49,177.07,122.71,151.81,2139.43
66.93,143.31,83.01,30.38,99.92,94.02,177.75,122.26,153.35,2133.04
66.45,143.01,83.88,30.59,103.82,93.85,177.14,123.58,152.61,2126.41
66.42,142.43,83.46,30.68,104.75,92.69,178.24,122.01,153.69,2126.15
66.25,142.41,82.24,30.48,106.48,92.39,178.06,119.89,152.79,2111.72
65.45,140.75,81.11,30.39,105.39,91.91,176.58,120.29,151.95,2097.94
65.33,140.02,81.27,30.32,105.39,93.37,176.21,120.18,152.37,2088.66
65.51,139.54,82.31,30.19,104.78,92.45,175.92,120.91,152.43,2085.18
67,143.03,83.75,30.94,106.85,94.43,181.48,123.75,155.72,2131.52
67.07,142.2,84.68,31,107.29,94.38,181.92,124.25,155.17,2139.56
68.74,145.09,91.2,31.36,107.64,94.64,192.63,126.02,154.81,2163.26
70.11,147.69,93.45,31,107.79,94.96,200.87,129.03,160.22,2167.48
70.5,148.52,93.01,31.36,106.64,97.68,203.94,129.85,161.27,2164.45
72.42,149.99,94.17,31.37,106.59,97.92,209.18,127.67,158.21,2164.2
72.47,148.11,94.44,31.7,108.96,97.7,211.19,124.4,158.67,2180.39
71.68,146.44,93.35,31.57,108.35,99.12,206.26,125.33,159.29,2176.94
71.78,145.33,92.78,30.05,108.12,99.37,209.63,128.93,159.8,2187.12
71,146.35,92.34,30.18,109.2,98.24,210.35,128.33,160.39,2181.9
71.54,147.02,92.9,30.05,110.18,97.63,211.08,128.22,162.77,2198.18
71.72,149.52,93.62,29.89,110.62,97.71,211.11,130.98,162.67,2202.94
72.88,149.74,96.18,29.71,111,98.26,212.31,131.21,161.98,2204.72
72.86,150.04,95.81,30.09,111,98.82,211.38,131.57,163.14,2213.35
72.13,149.77,94.9,29.92,110.5,98.97,210.35,130.64,164.52,2201.72
71.49,151.64,94.04,29.83,109.34,99.67,211.75,129.62,163.53,2204.66
72.04,150.56,95.56,29.82,111.56,99.12,219.29,129.4,162.22,2198.81
72.53,152.39,96.24,29.45,113.29,98.94,226.63,129.47,159.82,2191.08
71.86,152.25,95.14,29.25,113,98.5,223.36,129.87,160.02,2191.95
72.03,152.16,94.45,29.53,113.25,99.96,228.55,129.68,159.84,2204.71
72.31,152.24,95.22,29.33,112.76,100.66,231.38,128.74,160.35,2212.23
74.29,154.14,97.33,29.95,114.44,101.99,235.56,132.46,164.79,2241.35
74.91,155.39,96.27,29.95,115.17,103.38,241.45,132.53,165.36,2246.19
74.77,156.49,95.53,30.06,115.81,104.86,241.85,133.39,166.52,2259.53
73.58,157.16,95.08,30.17,117.15,104.06,237.17,134.58,165.5,2256.96
73.84,156.66,96.02,30.59,117.42,103.85,238.55,136.54,168.29,2271.72
74.07,154.47,93.74,30.46,115.96,104.05,239.93,135.98,168.51,2253.28
74.94,153.77,94.53,30.63,117.05,104.39,243,135.84,168.02,2262.03
75,154.5,92.58,30.59,118.08,103.91,238.9,135.11,166.73,2258.07
74.55,156.18,92.71,30.75,117.65,105.3,239.07,135.44,166.68,2262.53
75.06,156.39,94.34,30.56,117.95,105.46,243.09,137.11,167.6,2270.76
75.32,157.48,93.82,30.42,117.91,105.56,241.44,136.83,167.33,2265.18
74.58,157.46,94.12,30.46,118.77,105.42,240.12,135.43,167.06,2260.96
74.97,157.81,94.32,30.53,118.42,105.15,240.97,135.05,166.71,2263.79
74.98,157.48,94.55,30.68,118.22,105.17,241.56,135.26,167.14,2268.88
74.37,156.1,93.15,30.42,117.91,104.3,240.65,135.07,166.19,2249.92
73.92,155.69,93.29,30.46,117.82,104.56,238.18,135.1,166.6,2249.26
74.08,155.68,92.74,30.22,117.7,104.22,239.45,134.08,165.99,2238.83
75.35,156.97,93.99,30.54,117.85,106.08,241.57,134.31,167.19,2257.83
76.26,158.62,93.57,30.1,117.82,107.44,243.13,135.5,169.26,2270.75
75.32,158.71,93,30.17,117.31,107.38,241.32,133.9,168.7,2269
75.47,159.1,93.04,30.23,116.84,108.98,244.9,133.53,169.53,2276.98
75.86,158.32,92.37,30.18,115.84,108.36,242.89,134.31,167.65,2268.9
76.65,159.07,93.83,30.38,114.96,108.38,242.57,136.1,165.52,2268.9
76.91,159.4,94.65,30.15,115.93,109.44,245.76,135.7,167.75,2275.32
76.88,158.29,93.99,30.04,116.16,107.53,243.84,135.07,167.95,2270.44
76.62,158.83,94.48,30.07,116.38,108.06,244.3,135.04,167.34,2274.64
76.6,157.67,93.57,29.99,116.28,107.97,235.74,135.93,167.89,2267.89
77.49,158.32,93.33,30.03,115.94,108.16,234.29,136.16,166.8,2271.89
76.69,159,93.38,29.98,115.58,107.28,231.41,135.39,166.81,2263.69
76.2,159.53,94.58,30.1,115.6,107.66,232.2,135.6,170.55,2271.31
75.97,157.84,94.46,30.27,115.39,107.12,232.67,138.07,171.03,2265.2
77.43,160.55,96.24,30.6,116.37,107.9,233.68,138.06,175.9,2280.07
76.89,167.36,98.15,30.7,117.24,108.04,237.25,137.48,178.29,2298.37
76.93,169.12,97.22,30.74,116.55,108.06,239.58,138.46,178.66,2296.68
76.85,167.7,98.99,30.98,113.79,109.3,236.95,138.33,177.3,2294.69
77.28,165.57,96.79,30.83,111.82,110.94,233.9,138.47,175.8,2280.9
76.38,163.42,95.66,30.72,111.35,110.65,229.32,137.58,174.52,2278.87
76.76,163.97,95.11,30.5,111,111.3,230.67,137.44,174.29,2279.55
76.51,162.26,93.77,31.18,112.21,110.61,230.41,136.95,174.58,2280.85
78.04,162.4,93.28,31.32,113.57,110.3,240.95,137.98,175.82,2297.42
77.82,163.98,92.87,31.3,112.98,109.57,239.98,136.49,175.86,2292.56
77.72,166.5,93.31,31.45,111.39,109,239.62,136.65,178.46,2293.08
77.8,163.81,92.91,31.27,111.58,109,237.73,137.88,176.17,2294.67
78.18,164.28,93.96,31.5,112.26,109.49,241.55,138.71,177.21,2307.87
78.48,166.23,96.31,31.51,113.05,109.26,242.72,139.85,178.68,2316.1
78.91,168.03,98.5,31.97,113.91,109.65,246.27,139.87,179.36,2328.25
79.41,168.5,98.09,32.31,112.52,110.33,249.46,141.36,180.13,2337.58
79.6,169.3,99.02,32.82,112.57,110.18,250.54,142.19,181.68,2349.25
79.51,170.81,98.26,33.6,110.68,110.71,249.44,141.54,181.43,2347.22
79.71,172.71,98.85,33.74,110.33,110.06,250.38,143,180.67,2351.16
79.97,175.56,98.1,34.13,111.72,110.01,251.76,145.02,180.26,2365.38
79.86,175.36,98.2,34.09,110.38,110.12,251.73,145.25,181.15,2362.82
80.05,176.86,95.55,34.04,111.02,109.73,251.19,144.71,181.65,2363.81
79.76,177.44,95.48,34.32,110.12,110.32,247.35,145.95,181.35,2367.34
80.17,179.43,97.44,34.26,111.75,110.23,249.33,145.3,179.4,2369.75
80.06,180.23,96.66,34.18,112.5,110.09,248.06,144.91,179.82,2363.64
81.92,183.91,98.58,34.44,113.88,111.04,252.71,146.68,181.95,2395.96
80.1,182.99,94.36,34.39,113.36,110.59,251.06,147.95,180.53,2381.92
79.88,182.18,95.12,34.29,113.55,111.24,252.89,147.81,180.05,2383.12
79.5,180.93,95.66,34.19,113.17,110.67,252.01,147.13,180.47,2375.31
79.58,182.02,95.93,34.2,111.81,110.86,250.9,146.02,180.38,2368.39
79.04,181.74,93.23,34.02,109.61,110.84,250.24,146.92,179.45,2362.98
79.3,180.57,91.39,34.07,110.04,111.03,250.18,146.62,177.18,2364.87
79.38,178.7,92.31,34.26,110.61,110.92,248.38,146.85,177.83,2372.6
79.21,179.05,92.64,34.1,109.35,111.52,248.16,147.43,176.46,2373.47
79.69,178.73,91.86,34.12,107.36,112.31,247.72,147.16,175.72,2365.45
79.23,178.71,93.36,34.24,108.88,111.87,246.78,147.95,175.81,2385.26
79.77,178.19,92.85,34.23,107.86,111.71,248.22,148.73,177.24,2381.38
79.25,180.1,92.91,34.23,107.68,111.76,243.94,149.6,175.65,2378.25
78.85,179.39,95.4,34.28,107.66,112.71,242.14,147.8,175.7,2373.47
77.53,175.96,92.43,33.88,108.04,111.75,233,146.61,173.88,2344.02
77.67,176.98,92.43,34.1,108.39,112.08,231.07,147.36,174.78,2348.45
77.84,177.26,92.23,33.96,107.87,112.24,231.9,147.99,174.82,2345.96
78.2,175.82,92.15,34.08,107.99,112.14,228.41,147.71,173.83,2343.98
77.6,176.1,91.51,33.99,106.28,112.38,225.48,146.87,173.77,2341.59
78.64,177.36,92.95,34.02,107.17,113.05,229.33,147.2,174.51,2358.57
78.25,177.63,92.86,33.74,108.07,112.53,228.45,147.04,173.94,2361.13
79.21,177.98,93.22,33.74,107.78,113.18,231.22,146.95,173.86,2368.06
79.11,176.86,92.76,33.8,107.37,113.39,229.72,146.83,174.14,2362.72
78.59,176.65,92.27,33.58,107.8,113.2,228.96,146.62,174.5,2358.84
78.26,178.7,94.13,33.41,108.66,113.04,229.26,146.34,174.52,2360.16
77.76,177.08,94.24,33,108.64,113,227.66,146.64,172.88,2352.95
77.92,177.37,95.82,33.08,109.29,113.05,228.64,147.24,172.45,2357.49
77.77,178.85,95.52,32.96,108.86,112.58,227.88,147.13,172.14,2355.54
77.49,177.56,97.14,33.01,109.43,112.43,228.89,148.21,171.2,2357.16
77.26,178.57,97.1,32.92,108.97,113.07,227.74,148.2,170.58,2353.78
76.68,176.05,94.86,32.62,108.97,113.04,225.75,146.54,170.66,2344.93
75.8,175.62,93.1,32.42,106.1,113.2,223.32,145.91,169.53,2328.95
76.67,179.02,94.14,32.61,106.17,113.78,226.26,147.31,171.1,2349.01
75.79,177.85,94.39,32.67,105.68,114.19,215.59,147.76,170.05,2342.19
75.55,178.4,93.47,32.65,104.23,113.73,214.09,147.22,161.69,2338.17
80.02,179.3,94.66,32.83,104.88,114.79,218.06,148.72,162.3,2355.84
79.59,180.38,94.32,32.82,104.89,114.44,216.86,150,160.38,2348.69
80.45,182.06,96.81,33.28,105.93,113.7,223.22,151.89,160.75,2374.15
80.63,183.51,104.42,33.42,106.73,115.18,226.63,153.03,160.39,2388.61
80.52,181.71,104.66,33.4,106.08,115.58,226.2,154.22,160.06,2387.45
80.33,183.22,102.68,33.75,105.47,115.84,225.81,156.12,160.32,2388.77
79.25,184.83,102.26,34.07,106.7,115.6,223.8,156.1,160.29,2384.2
79.23,182.39,102,33.97,105.92,114.73,224.85,154.21,158.84,2388.33
79.54,183.44,101.51,34.24,105.36,114.37,225.12,154.95,159.1,2391.17
78.83,183.39,101.54,34.25,106.72,111.62,226.31,155,158.63,2388.13
78.33,183.07,99.39,34.18,104.81,111.17,226.59,154.86,159.05,2389.52
78.32,185.01,99.64,34.39,105.79,111.99,226.87,155.73,155.05,2399.29
78.16,186.02,99.37,34.29,106.68,111.42,225.03,156.89,153.03,2399.38
78.44,186.91,99.29,33.9,105.08,112.07,223.76,157.68,152.11,2396.92
78.65,183.18,100.36,33.74,106.5,109.66,224.88,158.13,151.25,2399.63
77.92,183.94,100.99,33.63,106.21,109.58,224.76,156.2,150.65,2394.44
77.49,183.25,100.71,33.45,105.96,109.69,222.82,156.92,150.37,2390.9
78.33,182.39,102.42,34.23,106.85,109.13,225.12,157.33,151.51,2402.32
78.13,182.7,102.34,34.3,107.25,107.98,225.6,158.26,153.68,2400.67
76.37,178.78,100.14,33.82,104.7,106.31,213.72,156.09,150.93,2357.03
76.38,177.4,100.22,31.38,105.17,106.68,215.16,155.7,150.78,2365.72
76.8,180.76,102.43,31.21,106.52,107.52,215.39,156.3,151.98,2381.73
76.98,183.67,102.29,31.59,106.12,107.63,216.02,155.96,152.64,2394.02
77.2,183.49,103.63,31.76,106.27,107.02,219.64,154.83,152.03,2398.42
77.12,185.25,103.95,31.49,106.22,107.71,223.83,155,152.51,2404.39
77.44,187.07,105.02,31.44,105.11,107.27,222.47,156.46,153.2,2415.07
77.46,186.59,105.66,31.5,104.72,108.41,223.53,154.9,152.49,2415.82
77.09,186.88,105.47,31.68,104.06,108.34,218.42,153.88,151.73,2412.91
76.94,187.63,105.43,31.53,103.48,107.94,211.26,153.51,152.63,2411.8
78.28,187.32,105.65,31.82,104.27,108.21,215.01,155.15,152.67,2430.06
78.49,190.23,105.95,31.98,103.11,107.18,213.31,155.35,152.05,2439.07
78.97,188.95,105.2,31.76,103.19,106.52,213.99,154.79,152.41,2436.1
78.85,186.75,104.55,31.56,104.17,105.5,214.53,154.2,152.37,2429.33
79.81,188.1,103.51,31.61,103.77,105.92,215.78,154.96,150.98,2433.14
79.95,189.93,105.01,31.61,104,104.32,218.76,153.5,152.1,2433.79
80.31,190.03,105.92,31.37,106.4,105.62,222.44,152.96,154.1,2431.77
80.17,190,106.07,31.25,108.04,107.04,221.91,152.18,155.18,2429.39
80.59,191.09,105.75,31.7,108.13,106.56,224.2,153.99,154.25,2440.35
80.84,192.38,104.71,31.6,106.6,106.14,226.51,156.76,153.81,2437.92
80.7,195.45,106.4,31.58,106.33,105.98,223.23,156.77,154.22,2432.46
81.45,196.44,107.6,31.63,108.35,105.51,221.81,156.64,155.38,2433.15
81.88,199.08,107.49,31.99,107.46,105.37,226.13,158.81,154.84,2453.46
82.51,198.33,107.04,31.85,106.48,103.94,225.1,157.67,154.95,2437.03
82.21,199.17,103.47,31.84,104.49,104.8,222.49,156.59,153.79,2435.61
82.25,199.44,103.84,31.85,104.45,104.22,219.77,155.48,154.4,2434.5
82.22,202.23,104.11,32.09,105,104.36,217.19,151.31,154.11,2438.3
82.96,199.98,104.25,32.24,104.14,105.57,220.44,151.42,155.23,2439.07
83.08,198.89,103.93,31.76,104.07,105.41,220.28,152.24,154.75,2419.38
83.97,199.62,106.45,32.08,104.28,106.86,223.22,153.23,155.32,2440.69
83.63,197.46,105.64,31.41,104.12,105.71,224.41,152.16,154.13,2419.7
84.24,197.75,107.46,31.3,104.33,106.25,221.9,153.4,153.83,2423.41
85.1,198.59,106.97,31.33,106.3,107.46,227.28,154.01,155.58,2429.01
84.89,201.81,107.49,31.11,104.62,105.63,228.04,152.69,153.67,2432.54
83.74,201.48,106.51,30.72,103.82,103.35,226.69,152.05,152.36,2409.75
84.33,202.37,106.92,30.9,103.49,103.32,225.28,152.23,152.94,2425.18
84.3,203.96,107.84,30.98,103.04,103.59,225.84,151.18,153.42,2427.43
84.16,206.27,108.24,31.09,103.12,103.84,226.95,150.6,153.19,2425.53
84.82,206.44,108.96,31.16,103.89,104.38,227.39,152.59,153.7,2443.25
85.37,206.23,108.47,31.27,104.13,104.29,230.4,153.29,153.63,2447.83
85.28,208.51,108.77,31.42,104.44,105.09,228.6,152.88,154.24,2459.27
85.22,209,108.84,31.5,104.21,104.79,229.26,153.89,153.01,2459.14
85.52,208.24,107.07,31.51,103.72,105.75,223.31,152.17,154,2460.61
85.93,210.88,107.85,31.9,104.46,106.82,222.87,153.3,147.53,2473.83
85.35,210.28,107.32,31.86,104.63,107.36,222.3,147.03,147.66,2473.45
85.59,212.14,106.59,31.84,103.25,107.09,220.18,146.65,147.08,2472.54
85,212.18,108.18,31.86,103.2,107,218.18,144.58,145.99,2469.91
85.41,212.46,114.54,32.12,104.39,106.42,221.58,146.97,146.19,2477.13
85.3,233.45,113.52,31.66,105.12,106.94,222.25,146.69,145.36,2477.83
83.85,241,114.37,31.57,106.11,110,221.48,147.73,145.07,2475.42
84.8,241.27,114.1,31.52,108.12,109.96,223.61,148.08,144.29,2472.1
85.23,242.46,113.95,31.45,109.19,109.93,225.33,149.6,144.67,2470.3
85.24,239.44,113.1,31.65,110.78,110.61,227,149.85,145.3,2476.35
85.3,237.95,113.09,31.52,110.46,108.67,226.27,150.5,144.45,2477.57
85.54,238.25,113.56,31.56,109.43,109.12,223.99,150.79,144.94,2472.16
85.97,237.71,114.35,31.8,110.11,107.69,229.79,152.75,145.16,2476.83
85.85,240.23,114.71,31.84,109.78,106.35,232.92,153.35,143.47,2480.91
85.94,239.5,114.41,31.67,110.35,106.98,232.05,153.35,142.11,2474.92
85.69,234.31,114.34,31.62,110.89,102.83,231.01,155.26,141.77,2474.02
84.56,232.88,113.15,31,110.11,101.35,225.5,153.88,141.84,2438.21
84.29,234.88,112.85,31.47,109.23,101.99,224.15,154.88,141.84,2441.32
85.47,237.15,113.71,31.84,108.71,101.4,227.36,154.26,142.32,2465.84
86.79,239.17,113.65,32.09,108.57,101.51,227.59,150.17,142.07,2464.61
87.39,237.59,114.12,32.34,106.84,102.2,225.61,152.25,142.5,2468.11
86.09,235.59,113.14,31.04,105.92,101.38,221.42,149.67,140.7,2430.01
85.38,235.77,113.92,30.37,106.48,100.7,222.15,147.49,139.7,2425.55
85.3,235.68,113.6,30.68,105.78,101.17,220.79,149.2,140.33,2428.37
85.3,239.75,115.82,31.27,106.36,102.77,223.58,149.91,141.01,2452.51
85.28,238.09,114.75,30.92,106.61,101.5,222.74,149.1,142.14,2444.04
85.36,238.74,114.78,31.24,107.44,101.52,222.99,148.25,142.94,2438.97
85.47,235.89,115.35,31.44,108.23,102.41,222.47,149.65,143.74,2443.05
85.41,237.18,115.07,31.54,107.76,102.56,220.35,151.39,142.51,2444.24
85.42,240.49,116.01,31.48,107.86,102.57,219.96,149.84,143.14,2446.3
85.69,240.46,117.55,31.99,107.73,102.87,222.42,150,142.56,2457.59
86.1,239.66,117.49,32.21,107.62,101.2,223.74,149.87,143.03,2471.65
86.14,240.33,118.28,32.3,108.76,101.5,225.88,150.78,144.08,2476.55
85.31,237,118.3,31.62,109.44,101.6,217.78,152.93,143.04,2457.85
85.23,234.62,116.98,31.87,111.79,101.5,218.83,156.56,143.82,2465.54
84.41,236.31,117.77,31.76,111.8,97.06,215.84,157.93,142.9,2465.1
84.25,238.78,117.82,31.48,110.78,97.07,217.21,159.66,142.45,2461.43
85.69,240.59,118.87,32.19,112.52,97.09,221.06,158.37,144.86,2488.11
86.55,240.58,120.94,32.41,112.49,97.89,225.95,159.91,145.76,2496.48
86.64,241.93,119.63,32.18,114.18,98.82,226.56,160.02,145.99,2498.37
86.19,245.23,120.48,32.19,114.45,97.9,226.85,159.38,145.54,2495.62
86.99,249,121.37,32.44,114.63,98.52,225.22,158.4,144.82,2500.23
87.87,253.08,123.83,32.52,115.19,98.1,227.53,157.81,144.55,2503.87
89,252.46,124.74,32.49,116.34,98.43,228.91,157.66,144.39,2506.65
88.43,255.46,124.85,32.6,116.37,99.21,229.79,158.68,145.88,2508.24
88.42,256.04,124.79,32.7,116.47,98.89,231.29,159.19,145.26,2500.6
88.4,256.45,124.43,33.37,117.29,98.6,231.03,159.97,145.13,2502.22
88.21,254.32,124.32,33.72,117.99,99.57,230.26,161.1,145.87,2496.66
88.69,253.7,124.51,33.76,117.52,98.63,229.94,161.26,146.56,2496.84
89.49,255.28,124.52,33.48,117.45,99.24,234.76,160.92,145.66,2507.04
90.14,254.27,125.23,33.35,117.62,98.05,235.47,162.36,145.66,2510.06
90.46,254.21,124.71,33.63,117.5,98.57,237.19,163.56,145.08,2519.36
90.54,255.99,124.72,33.75,117.43,99.86,240.65,164.02,146.66,2529.12
91.43,255.46,125.51,33.85,117.82,100.79,241.62,165.17,146.78,2534.58
91.01,255.76,126.74,33.44,117.58,100.55,240.31,165.29,146.48,2537.74
91.16,258.89,126.4,33.59,118.58,100.11,246.06,166.12,146.72,2552.07
91.55,258.58,126.93,33.75,117.03,100.07,246.02,165.85,146.48,2549.33
91.69,258.39,126.88,33.76,117.71,99.57,242.8,165.71,147.39,2544.73
91.89,260.93,128.19,33.55,118.8,99.58,242.6,165.16,148.5,2550.64
91.96,261.44,128.6,33.59,119.33,98.55,242.4,165.25,147.62,2555.24
91.61,261.91,129.99,33.26,119.14,96.93,239.8,164.59,147.03,2550.93
92.86,260.74,130.71,33.47,119.16,97.38,238.53,164.47,147.1,2553.17
91.96,259.75,131.47,33.54,120.13,98.13,242.41,164.22,146.83,2557.64
91.69,258.62,130.54,33.6,120.22,98.36,236.09,163.35,146.54,2559.36
92.08,260.04,131.29,33.55,118.15,98.25,242.03,163.45,159.53,2561.26
91.9,259.04,131.55,33.75,118.2,99.01,239.99,163.24,160.9,2562.1
92.09,264.75,131.36,34.25,118.64,99.4,244.73,163.43,162.07,2575.21
92.38,262.32,131.68,34.35,118.93,98.7,242.13,164.74,159.55,2564.98
93.86,266,138.24,34.58,119.23,98.29,244.84,166.03,155.88,2569.13
93.53,258.42,136.84,34.3,118.44,97.8,241.71,166.07,153.5,2557.15
95.69,259.27,136.94,34.27,118.44,98.56,241.72,167.65,153.6,2560.4
95.79,256.46,137.81,34.43,113.54,98.31,241.71,167.34,153.68,2581.07
95.07,259.25,136.49,34.04,114.39,98.04,240.89,165.31,154.36,2572.83
95.52,257.98,135.8,34.15,115.89,97.81,242.48,165.78,154.06,2575.26
95.79,258.5,136.29,34.62,115.9,99.03,244.26,165.38,154.03,2579.36
95.98,262.63,136.47,34.21,115.33,98.35,246.88,162.71,153.35,2579.85
96.43,261.75,136.63,34.47,114.99,98.64,244.4,164.39,151.58,2587.84
96.29,264.07,137.71,34.41,117.04,100.64,243.49,164.22,150.84,2591.13
95.37,266.13,138.81,34.4,117.24,101.61,239.81,163.66,151.35,2590.64
95.13,265.57,137.29,34.5,116.67,101.18,241.25,164.05,151.57,2594.38
93.75,262.7,135.34,34.05,117.24,102.68,240.79,163.27,150.3,2584.62
93.52,260.85,136.48,33.99,117.18,104.78,240.15,164.11,149.16,2582.3
93.9,262.42,136.53,33.95,117.23,104.74,240.27,165.35,148.4,2584.84
93.76,261.76,137.54,34.04,116.92,103.17,237.24,168.06,148.89,2578.87
93.26,262.86,134.1,34.11,116.45,103.69,237.61,165.47,147.1,2564.62
93.56,263.7,136.36,35.88,114.57,103.6,239.37,167.5,149.12,2585.64
93.69,262.26,136.13,35.9,114.71,103.44,238.02,167.74,148.97,2578.85
93.95,264.63,136.91,36.5,114.72,102.75,238.13,170.45,150.51,2582.14
94.41,266.99,137.6,36.65,115.17,103,238.02,172.86,151.95,2599.03
93.82,265.15,138.01,36.45,115.91,102.74,236.43,172.06,151.77,2597.08
93.48,265.88,137.39,36.49,116.51,102.64,235.95,172.33,151.84,2602.42
93.47,265.58,137.19,36.87,115.59,102.79,235.11,174.16,151.98,2601.42
95.28,267.99,138.99,37.73,116.45,103.41,239.41,176.57,152.47,2627.04
96.6,269.3,138.06,37.48,117.18,105.24,241.36,177.25,153.55,2626.07
97.71,276.8,141.15,37.3,118.99,104.82,247.64,179.82,153.97,2647.58
97.86,271.38,141.52,37.6,119.51,105.25,248.95,180.42,154.76,2642.22
98.59,277.97,141.5,37.72,120.84,110.22,250.65,184.9,156.46,2639.44
98.71,275.54,140.14,37.31,120.39,107.22,248.33,182.85,155.35,2629.57
98.21,278.27,140.34,37.41,119.61,105.46,245.95,180.8,154.1,2629.27
98.58,281.97,142.89,37.4,119.63,105.26,248.56,182,153.57,2636.98
98.55,285.9,143.86,37.61,119.92,104.23,250.35,183.41,154.81,2651.5
99,283.16,143.77,37.96,120.42,106.83,250.13,182.25,155.41,2659.99
99.37,289.94,143.42,37.91,119.68,107.43,257.68,181.8,156.74,2664.11
97.78,291.84,148.57,38.15,119.93,107.61,255.56,183.03,153.91,2662.85
97.15,293.88,146.28,37.9,119.53,110.57,255.48,182.13,154,2652.01
98.52,293.94,146.69,38.19,119.73,111.27,257.17,182.58,152.5,2675.81
99.68,296.14,149.77,38.48,119.7,111.03,260.02,184.73,153.33,2690.16
99.15,297.25,150.91,38.3,119.84,111.81,256.48,185.98,153.23,2681.47
98.51,297.9,152.52,38.74,120.89,109.69,255.18,187.31,152.95,2679.25
98.5,295.03,154.64,38.53,124.82,109.57,261.01,188.08,151.5,2684.57
98.74,295.1,155.75,38.55,124.98,108.67,258.97,188.13,152.5,2683.34
98.57,295.36,156.44,38.48,125.98,108.12,257.72,190.36,152.83,2680.5
99.13,295.62,157.52,38.56,125.55,107.64,255.95,190.19,153.13,2682.62
99.7,296.35,158.42,38.59,125.58,107.77,256.5,189.78,154.04,2687.54
99.31,294.91,157.58,38.3,125.19,107.51,254.76,189.53,153.42,2673.61
98.94,296.84,157.04,38.86,127.58,111.8,255.67,188.03,154.25,2695.81
99.55,297.8,157.28,39.17,128.51,112.28,253.29,189.01,158.49,2713.06
100.85,296.67,159.44,38.99,128.11,112.23,256.83,190.51,161.7,2723.99
101.08,308.84,161.96,39.53,127.9,111.62,255.52,192.5,162.49,2743.15
100.15,310.15,166.03,39.94,128.53,110.02,251.81,192.04,163.47,2747.71
100.52,318.43,166.43,39.69,127.84,109.94,253.94,193.1,163.83,2751.29
101.22,320.26,165.87,39.91,128.66,109.47,254.33,191.8,164.18,2748.23
100.73,328.12,169.2,40.1,132.57,110.99,255.13,194.68,164.2,2767.56
100.97,336.21,170.3,40.87,133.6,112.47,257.03,196.42,163.14,2786.24
100.34,335.16,169.31,40.54,132.01,110.69,258.46,196.31,163.85,2776.42
100.76,351.01,168.5,41.2,132.36,111.97,253.65,199.82,168.65,2802.56
99.86,340.16,168.83,41.3,131.59,110.42,250.97,198.33,169.12,2798.03
98.03,337.73,170.41,41.29,131.3,110.59,256.12,201.33,162.37,2810.3
98.32,338,170.89,41.66,132.56,111.1,261.52,204.46,162.6,2832.97
97.98,335.59,169.43,42.1,131.02,110.41,260.09,204.9,166.25,2839.13
99.3,334.69,168.34,42.17,131.39,110.5,265.68,206.22,165.37,2837.54
99.69,343.11,169.37,41.9,130.65,110.55,269.03,205.37,165.47,2839.25
99.63,343.22,167.06,42.56,131.19,112.19,268.14,207.23,167.34,2872.87
99.41,340.82,162.58,42.85,128.48,111.54,272.48,204.92,166.8,2853.53
98.71,337.71,163.76,42.25,125.23,110.11,268.94,201.81,163.62,2822.43
99.4,354.37,162.78,41.54,125.35,108.67,267.89,200.9,163.7,2823.81
100,356.94,162.24,41.7,125.57,110.49,272.23,199.9,162.4,2821.98
96.68,348.91,157.49,40.93,118.58,108.7,260.04,193.97,159.03,2762.13
92.01,328.88,151.08,38.78,112.62,104.7,249.11,183.11,152.53,2648.94
94.18,340.91,156.41,40.17,117.18,106.17,258.7,191.04,155.34,2695.14
93.61,348.12,154.34,40.34,115.29,104.76,257.1,191.29,153.85,2681.66
88.34,329.66,145.99,38.77,112.3,101.35,246.35,181.22,147.59,2581
91.72,332.83,149.21,39.53,113.5,103.09,249.3,184.12,149.51,2619.55
94.7,343.8,152.29,40.6,113.98,103.39,253.16,184.06,151.4,2656
94.56,343.16,153.97,41.23,113.29,104.12,255.53,183.72,150.75,2662.94
96.23,344.85,158.06,42.09,113.63,104.6,262.58,184.69,154.76,2698.63
96.56,356.46,159.98,44.08,112.53,105.18,267.68,185.27,156.01,2731.2
96.79,355.04,156.29,44.33,112.14,106.53,267.62,186.97,156.18,2732.22
97.19,353.35,155.56,44.06,110.98,105.98,264.89,186.71,155.16,2716.26
97.5,352.37,155.23,43.31,109.06,105.05,263.4,183.06,153.96,2701.33
97.35,355.92,158.86,42.94,109.89,105.24,261.43,185.47,153.18,2703.96
98.8,356.66,162.41,44,112.59,107.25,266.77,188.35,155.52,2747.3
101.64,363.48,163.69,45.36,114.6,109.81,271.26,188.46,158.58,2779.6
99.58,364.64,161.26,45.04,113.61,104.87,267.93,184.98,156.55,2744.28
97.51,362.21,154.63,44.78,111.92,103.16,262.93,182.27,155.83,2713.83
95.14,349.69,150.23,43.8,112.04,102.57,256.78,179.64,153.81,2677.67
95.6,344.67,146.38,44.06,111.64,102.99,258.12,178.46,154.49,2691.25
96.66,352.75,151.12,44.52,113.15,103.41,263.12,181.74,156.95,2720.94
96.07,348.92,153.75,44.29,113.65,104.94,266.93,181.64,155.72,2728.12
95.64,347.04,151.51,44.2,113.84,103.59,265.35,178.58,158.32,2726.8
96.59,348.73,153.59,44.34,113.35,104.03,266.34,177.94,156.21,2738.97
99.05,354.52,158.25,45.37,117.22,104.73,270.77,182.16,159.31,2786.57
97.67,344.19,154.5,45.55,116.79,105.17,273.38,179.71,160.26,2783.02
95.37,338.67,153.69,45.16,116.46,103.73,268.53,178.35,159.32,2765.31
94.53,330.26,152.54,45.28,115.13,103.9,264.43,177.41,158.12,2749.48
94.39,329.98,154.57,45.33,115.58,103.24,266.61,178.07,159.61,2747.33
95.61,330.47,156.46,45.01,115.4,102.87,267.6,178.96,160.26,2752.01
94.84,331.76,152.15,44.27,113.89,101.48,262.53,177.1,157.35,2712.92
94.95,337.63,154.06,44.37,114.5,101.35,263.19,178.16,156.2,2716.94
94.74,337.1,155.8,44.31,117.04,101.82,261.85,178.02,156.69,2711.93
91.41,319.61,146.9,43.07,113.7,100.6,252.6,175.29,152.09,2643.69
90.45,321,144.29,42.42,112.98,98.54,245.26,171.8,148.89,2588.26
92.62,328.97,149.19,44.06,115.35,100.65,254.88,176.38,153.37,2658.55
91.42,321.12,146.99,42.68,114.66,99.36,247.26,174.68,151.91,2612.62
92.21,320.02,145.16,41.66,112.1,98.54,249.37,174.76,152.52,2605
93.28,327.88,147.38,42.89,114.04,100.44,251.86,178.24,153.43,2640.87
91,322.44,143.89,41.01,112.24,98.66,247.35,172.9,150.07,2581.88
92.74,330.82,145.06,41.38,114.83,99.42,250.58,173.76,149.85,2614.45
93.58,327.44,145.18,41.2,114.48,100.95,252.62,177.44,154.12,2644.69
94.2,336.4,148.13,41.82,117.29,102.11,255.81,179.13,154.03,2662.84
91.91,326.12,142.99,40.73,114.76,100.35,249.97,174.45,150.57,2604.47
92.14,322.48,143.08,41.17,115.98,99.7,252.19,172.51,152.69,2613.16
93,334.83,148.09,42.51,118.85,101.37,256.57,173.49,155.39,2656.87
91.6,327.36,146.79,42.43,119.25,100.8,252.94,172.86,155.36,2642.19
93.35,337.48,150.14,43.34,119.23,100.39,259.59,173.36,158.07,2663.99
93.03,329.28,150.23,43,119.92,100.35,255.92,172.8,156.71,2656.3
93.6,331.77,152.14,43.3,120.7,100.24,257.88,174.43,157.89,2677.84
93.86,336.72,153.31,44.59,121.46,102.17,253.63,174.91,160.91,2706.39
95.15,341,155.95,44.63,123.82,101.21,254,179.85,148.79,2708.64
102.37,340.64,155.7,44.56,123.71,100.89,254.17,177.08,147.7,2693.13
100.79,338.67,153.25,44.09,122.31,100.24,251.96,177.01,144.9,2670.14
100.61,338.84,153.99,44.25,123.58,100.15,246.67,177.66,145.86,2670.29
100.44,329.06,144.44,43.74,122.54,99.46,242.49,176.26,145.56,2634.56
98.78,342.86,145.19,43.71,122.72,101.15,239.23,177.39,145.94,2639.4
100.23,342.79,146.31,44.21,124.22,99.84,240.09,185.72,146.72,2666.94
99.61,340.88,144.72,44.71,126.62,99.23,239.8,186.46,146.48,2669.91
98.75,333.56,144.36,44.29,125.11,100.33,238.33,184.8,144.96,2648.05
98.58,329.54,144.42,44.83,124.86,100.06,236.67,184.63,145,2654.8
97.63,324.19,143.86,43.86,125.49,99.62,234.05,185.91,142.45,2635.67
97.14,330.69,143.78,44.44,126.01,98.76,233.41,183.19,141.99,2629.73
98.35,334.43,146.37,45.3,125.53,101.15,234.94,185.03,143.91,2663.42
98.58,340.43,149.82,45.73,124.94,102.48,237.2,183.56,143.22,2672.63
99.74,338.37,149.93,45.71,126.57,101.79,237,185.04,143,2671.92
100.5,344.5,152.61,46.04,128.72,99.97,241.73,186.36,142.61,2697.79
101.38,344.07,153.97,46.3,128.82,101.68,243.44,187.16,144.24,2723.07
101.42,342.46,154.86,45.93,129.84,102.07,242.92,190.31,144.14,2727.72
101.29,344.59,155.28,45.7,130.39,102.44,243.91,191.08,144.3,2730.13
100.74,342.12,152.59,45.48,129.74,102.92,241.56,187.98,143.74,2711.45
100.59,340.97,153.8,45.16,129.56,105.04,240.96,186.38,144.63,2722.46
101.22,344.14,153.69,43.46,129.46,104.34,239.1,185.33,144.5,2720.13
100.99,351.23,155.71,43.21,127.86,103.93,237,187.42,144.08,2712.97
102.04,363.92,158.92,43.75,129.37,104.06,237.7,189.79,145.49,2733.01
102.7,355.02,156.2,43.65,128.23,104.07,238,186.87,145.09,2724.44
101.93,359.21,157.74,43.68,128.7,102.89,237.81,186.67,144.67,2733.29
102.01,359,157.7,43.57,126.61,102.11,236.1,187.15,144.07,2727.76
101.1,360.09,155.85,43.26,122.19,102.2,235.01,186.85,143.64,2721.33
97.72,352.48,153.62,42.97,121.39,99.69,227.03,185,141.22,2689.86
98.99,358.19,155.46,42.85,125.16,99.98,229.16,187.09,142.62,2724.01
98.3,352.16,151.91,42.71,124.3,99.47,225.88,186.55,141.31,2705.27
98.25,356.72,153.52,43.66,123.85,99.36,228.35,187.35,141.95,2734.62
99.45,360.73,152.5,43.58,122.26,100.24,229.89,191.36,143.04,2746.87
99.31,360.1,153.01,43.67,122.73,99.94,228.34,191.94,143.7,2748.8
100.97,371.56,156.51,44.26,123.38,101.91,232.23,193.59,144.71,2772.35
101.48,368.53,156.29,43.65,126.96,102.47,233.45,196.17,145.36,2770.37
101,369.5,155.32,43.48,126.44,103.98,233.39,198.33,146.14,2779.03
101.2,370.94,156.3,43.69,127.56,104.35,234.09,199.64,146.58,2782
100.73,370.62,157.49,43.94,127.08,104.33,232.63,201.31,146.87,2786.85
100.02,363.85,154.71,44.01,127.07,106.31,233.83,200.31,146.35,2775.63
99.76,362.42,153.14,44.69,126.51,108.75,233.65,199.67,145.2,2782.49
98.52,357.88,150.02,44.25,124.04,108.85,231.92,200.54,145.39,2779.66
98.47,354.74,148.68,44.21,125.97,107.06,231.39,200.69,144.48,2773.75
97.14,341.12,143.3,43.82,125.54,106.1,228.32,199.21,143.9,2762.59
96.42,342.69,143.13,43.74,125.29,107.15,227.82,199.08,142.63,2767.32
96.63,337.66,139.53,43.16,122.59,105.89,226.98,200.31,141.25,2749.76
97.23,338.91,139.94,43.2,125.1,106.34,226.02,197.41,141.28,2754.88
98.54,331.2,136.58,42.29,122.61,104.45,221.54,196.38,138.79,2717.07
98.21,331.3,135.54,42.55,124.16,104.26,221.58,196.36,139.08,2723.06
96.96,329.82,134.61,42.33,126,103.96,220.18,195.02,137.48,2699.63
96.97,334.65,136.03,42.94,125.66,104.77,223.42,195.21,140.04,2716.31
98,335.51,135.67,43.03,126.43,104.81,220.57,195.1,139.7,2718.37
99,336.08,136.29,42.81,124.25,105.33,223.26,194.02,139.86,2726.71
97.84,332.93,133.83,42.67,124.73,104.04,220.38,193.62,139.57,2713.22
98.53,333.18,135.81,42.56,123.98,105.34,220.74,194.41,141.43,2736.61
98.52,334.64,135.41,42.71,124.14,104.78,221.79,194.48,142.48,2759.82
99.91,341.92,140.97,42.67,125.99,106.02,227.99,196.08,144.39,2784.17
99.91,347.16,141.25,42.86,127.59,106.03,226.85,197.61,144.71,2793.84
100.3,340.6,136.76,42.57,123.52,108.04,225.66,196.95,144.94,2774.02
101.15,346.03,139.42,43.58,124.26,108.25,227.22,197.95,146.45,2798.29
100.5,350.79,140.75,41.78,124.04,110,226.41,198.69,145.9,2801.31
100.69,356.1,138.08,42.5,122.98,110.2,231.44,198.88,145.46,2798.43
101.15,356.88,138.95,42.34,121.91,110.3,231.02,201.1,143.49,2809.55
102.98,360.23,141.12,42.21,121.53,110.69,231.24,200.97,144.52,2815.62
100.17,355.33,139.42,42.4,121.67,112.13,229.63,202.63,149.24,2804.49
100.15,354.9,136.82,42.01,122.27,111.48,231.69,202.45,146.35,2801.83
101.22,353.27,136.28,42.06,121.33,111.09,233.76,202.23,145.7,2806.98
101.71,358.27,137.97,42.39,123.85,110.7,235.88,201.99,146.38,2820.4
102.63,355.92,140.48,43.16,124.9,111.18,236.69,201,146.62,2846.07
102.5,359.32,142.58,43.53,123.95,113.51,237.11,199.4,146.71,2837.44
103.85,360.65,142.56,42.57,125.97,112.62,237.64,197.14,145.15,2818.82
100.85,351.06,139.75,42.17,127.83,112.63,238.95,197.28,145.49,2802.6
99.52,356.3,143.8,42.29,126.27,113.56,237.43,197.52,144.93,2816.29
99.45,352.76,138.54,41.86,125.39,112.97,236.04,196.3,143.5,2813.36
99.73,349.73,138.01,42.53,123.76,112.75,233.99,195.66,142.96,2827.22
100.79,348.44,138.51,42.83,124.05,114.09,234.09,195.64,147.7,2840.35
100.92,346.57,139.48,43.3,124.3,115.94,235.93,195.69,146.03,2850.4
101.97,350.76,142.38,43.58,125.18,116.56,237.83,197.05,147.01,2858.45
102.78,347.78,139.71,43.84,123.88,113.98,236.37,198.02,146.89,2857.7
102.99,343.72,138.52,43.78,122.53,114.16,233.78,198.08,144.77,2853.58
101.58,339.41,135.92,43.78,123.34,112.68,229.61,196.3,144.48,2833.28
101.81,338.36,135.02,43.75,122.44,112.12,226.86,194.14,142.71,2821.93
102.18,339.14,134.92,44,122.58,112.75,229.56,193.1,143.36,2839.96
101.51,331.76,132.02,43.86,117.94,112.85,229.25,193.99,143.91,2818.37
102.65,345.98,136.26,45.16,117.66,112.48,233,195.39,145.34,2840.69
103.03,346.4,139.34,45.87,117.8,112.48,233.38,195.56,146.06,2850.13
103.83,350.74,138.67,46.22,117.75,111.99,235.78,197.93,146.51,2857.05
104.81,353.77,139.99,45.78,117.94,112.39,238.65,200.23,145.97,2862.96
105.83,350.03,139.63,45.99,118.92,111.94,239.34,198.97,145.24,2861.82
105.37,347.48,136.79,46.02,118.1,112,236.34,200.16,145.37,2856.98
105.76,349.38,138.21,46.32,119.01,111.93,235.11,201.3,146.04,2874.69
107.05,353.74,142.04,46.59,120.35,112.33,242.6,201.98,146.69,2896.74
107.28,351.21,142,46.95,119.86,112.58,242.37,201.97,146.59,2897.52
106.71,350.19,141.86,47.48,120.22,112.45,241.4,201.68,147.54,2914.04
106.23,346.9,139.06,47.15,119.81,111.92,239.4,199.26,145.93,2901.13
105.98,342.79,138.85,47.77,118.46,112.02,237.81,200.77,146.48,2901.52
107.01,346.25,138.24,47.73,118.87,110.85,237.66,205.08,145.68,2896.72
105.68,346.68,140.59,47.27,118.92,109.87,237.56,204.15,146.66,2888.6
105.4,351.27,141.57,47.28,115.23,110.26,234.52,205.89,146.39,2878.05
106.08,349.28,141.32,47.05,114.6,110.97,233.91,206.23,145.45,2871.68
107.29,341.86,142.05,47.07,114.48,110.68,231.91,210.69,145.65,2877.13
108.31,345.25,142.03,47.03,115.02,109.6,230.21,213.85,146.49,2887.89
107.88,353.41,144.28,46.89,115.79,109.46,228.15,211.98,146.57,2888.92
108.66,355.46,145.54,47.24,116.3,110.67,228.33,209.45,148.95,2904.18
109.56,359.8,144.9,47.4,117.38,109.26,229.24,209.07,148.33,2904.98
109.2,355.96,146.22,47.11,117.51,109.36,227.89,208.4,147.94,2888.8
109.64,363.58,149.07,47.46,118.13,109.53,228.89,211.02,148.56,2904.31
110.1,365.22,152.76,47.28,119.51,109.79,235.58,211.68,149.06,2907.95
111.11,367.46,156,47.73,119.42,111.62,237.4,211.06,151.15,2930.75
110.9,372.23,156.38,48.56,121.13,110.4,235.34,212.39,151.35,2929.67
109.85,367.99,154,48.44,122.62,112.77,232.9,207.99,150.03,2919.37
109.87,367.23,154.09,48.47,123.37,113.63,232.5,207.46,148.91,2915.56
108.01,365.03,153.17,48.41,121.95,115.21,228.88,207.52,151.61,2905.97
107.85,367.39,152.47,48.33,122.47,116.04,227.74,206.84,151.5,2914
106.49,371.9,152.49,48.65,122.28,116.94,224.24,207.15,151.21,2913.98
107.9,382.29,152.28,48.87,124.39,116.24,225.33,207.6,153,2924.59
108.39,386.37,154.82,49.01,124.74,117.66,226.07,204.75,153.75,2923.43
108.45,392.3,158.22,49.14,125.31,116.91,227.78,203.74,153.22,2925.51
107.74,389.99,156.75,48.38,124.95,116.13,227.48,198.85,151.31,2901.61
107.23,386.47,153.31,48.13,125.33,114.78,225.71,196.38,149.03,2885.57
106.99,385.77,153.35,47.52,124.84,116.02,225.35,198.41,148.39,2884.43
106.66,385.44,149.46,47.49,126.82,116.89,222.91,195.75,147.24,2880.34
103.57,367.47,143.72,45.63,122.6,112.86,214.89,193.7,142.69,2785.68
101.58,358.11,140.97,44.12,118.43,111.15,212.97,189.74,139.02,2728.37
103,360.11,142.07,45.71,117.77,112.61,213.87,192.47,140.85,2767.13
102.62,358.88,141.8,44.67,116.94,113.44,215.22,191.17,141.13,2750.79
104.27,368.25,143.71,45.82,117.51,116.19,221.7,193.58,145.12,2809.92
104.34,365.5,141.34,45.94,117.29,117.13,228.28,185.17,134.05,2809.21
102.84,359.35,135.8,45.46,117.47,116.18,224.95,180.44,130.55,2768.78
106.73,356.26,131.32,45.34,118.14,118.9,226.96,179.85,129.1,2767.78
104.51,355.98,128.71,45.76,117.21,118.27,221.6,178.75,130.02,2755.88
104.38,350.05,118.98,45.42,113.4,117.85,218.56,178.53,131.21,2740.69
101.84,354.65,112.34,44.07,110.21,111.61,209.18,176.97,127.21,2656.1
103.6,363.77,115.63,45.47,111.58,114.16,214.01,179.07,126.45,2705.57
101.25,359.27,115.05,44.25,111.53,113.19,212.36,172.23,124.79,2658.69
101.19,335.59,113.98,43.84,108.93,113.04,214.49,173.2,119.64,2641.25
102.08,349.91,117.46,44.58,110.85,114.76,219.28,176.24,115.4,2682.63
102.73,354.86,121.32,45.75,111.65,114.83,225.37,175.88,115.43,2711.74
104.04,363.07,124.7,45.65,111.17,116.1,226.97,180.46,116.83,2740.37
103.71,357.75,125.79,45.48,114.73,115.18,229.69,179.93,115.67,2723.06
105.21,361.98,126.41,46.14,118.94,115.45,228.72,182.19,120.06,2738.31
104.98,366.47,129.33,46.5,118.9,116.71,228.2,182.01,123.12,2755.45
107.31,372.02,135.1,47.9,120.87,117.05,231.28,187.23,124.84,2813.89
108.5,370.77,131.39,48.44,119.36,116,231.65,188,123.38,2806.83
108.28,369.34,126.91,47.11,119.51,118,222.65,185.99,123.54,2781.01
106.49,357.03,125,45.62,117.39,116.7,206.05,179.43,120.9,2726.22
107.86,349.51,125.96,45.12,115.35,116.85,205.05,179,120.84,2722.18
107.77,344.72,125.1,44.33,115.72,117.12,202.49,179.9,120.2,2701.58
109.6,341.57,129.42,46.77,116.95,117.11,203.74,177.36,121.44,2730.2
109.46,335.95,129.96,46.35,119.06,116.19,202.12,177.02,121.57,2736.27
108.25,320.94,125.98,45.75,119.42,115.42,198.22,173.59,120.31,2690.73
106.09,317.7,122.27,44.49,116.1,111.87,191.34,169.05,117.2,2641.89
106.5,317.32,123.87,44.89,117.57,113.03,192.6,169.3,118.57,2649.93
105.74,312.32,122.32,44.54,113.6,112.08,189.1,168.85,117.19,2632.56
109.68,316.36,124.8,45.57,114.98,112.55,194.34,169.82,119.56,2673.45
110.11,318.03,124.6,46.12,115.21,113.9,193.65,173.22,120.03,2682.17
112.89,333.5,130.77,47.29,118.14,116.1,198.35,177.43,123,2743.79
111.31,342.56,130.23,47.34,118.85,116.61,194.85,175.66,121.48,2737.76
112.27,346.76,135.67,47.87,118.94,115.49,190.69,180.32,124.27,2760.17
112.36,359.96,138.95,48.74,120.67,115.74,191.63,181.74,125.31,2790.37
107.64,342.5,129.32,47.35,117.24,112.87,184.31,175.3,121.6,2700.06
108.25,331.9,128.37,48.39,115.91,114.33,184.09,175.96,123.91,2695.95
106.68,323.22,123.55,46.44,115.49,111.98,179.67,172.79,119.34,2633.08
105.79,326.35,123.39,46.86,114.94,111.86,178.83,171.69,121.13,2637.72
105.4,322.03,123.24,47.09,115.47,111.97,176.8,172.21,120.89,2636.78
107.48,326.69,125.37,47.42,115.62,112.21,176.7,174.21,121.16,2651.07
106.7,325.47,125.9,47.47,115.94,113.39,175.92,173.87,120.73,2650.54
105.7,318.75,126.77,45.82,113.83,112.2,172.77,172.29,119.9,2599.95
101.18,316.13,124.47,44.2,112.45,110.62,168.01,167.97,116.1,2545.94
101.02,328.06,124.27,44.06,109.74,109.45,171.5,170.04,116.65,2546.16
98.77,319.55,122.33,43.14,107.83,109.22,169.25,167.56,116.43,2506.96
95.77,313.05,121.55,42.49,104.98,107,168.41,164.16,113.02,2467.42
91.33,304.55,120.07,41.85,104.21,104.22,160.05,160.48,110.94,2416.62
89.5,294.16,116.95,40.28,100.99,100.35,156.35,158.14,107.57,2351.1
93.84,313.93,124.76,42.47,107.39,105.83,162.93,168.28,111.39,2467.7
94.68,317.14,126.67,42.91,109.32,106.52,165.41,170.32,113.78,2488.83
94.42,316.38,125.61,42.77,108.65,107.3,163.03,170.22,113.03,2485.74
95.32,322.5,127.07,43.33,108.79,109.65,167.05,171.82,113.67,2506.85
95.68,323.81,126.38,42.95,110.69,108.97,172.03,172.41,115.21,2510.03
93.43,310.9,121.51,41.07,108.57,106.33,169.51,168.61,112.91,2447.89
97.64,327.08,128.15,42.92,110.82,109.61,175.05,173.62,117.32,2531.94
98.17,328.11,128.23,43.21,112.26,110.56,176.02,177.04,118.15,2549.69
98.65,340.53,129.77,43.56,111.77,111.42,175.37,177.89,119.83,2574.41
98.83,343.83,130.27,43.32,113.27,112.67,176.47,179.73,120.69,2584.96
98.26,352.61,132.96,43.24,113.45,112.8,176,179.06,121.79,2596.64
98.55,352.9,132.1,43.49,112.54,112.65,176.93,179.41,121.46,2596.26
98.44,350.36,131.8,43.21,111.72,112.42,178.72,178.81,120.39,2582.61
97.99,352.24,130.69,44.02,112.12,111.76,179.91,176.47,121.73,2610.3
99.41,352.06,131.66,43.96,111.4,110.91,197.08,177.04,121.62,2616.1
99.49,359.09,134.54,44.21,111.96,111.01,199.09,174.87,122.19,2635.96
100.48,364.73,136.6,45.03,114.37,111.04,202.54,179.58,123.82,2670.71
99.83,357.9,132.24,44.78,112.34,110.6,197.68,177.11,122.52,2632.9
99.71,358.61,131.82,45.46,111.39,111.12,196.9,176.89,132.89,2638.7
99.72,358.27,132.73,45.61,113.51,110.55,197.8,177.29,132.53,2642.33
100.77,364.2,136.86,46.13,113.22,111.09,200.74,180.4,133.97,2664.76
100.38,362.97,124.37,45.75,112.17,110.81,199.72,179.83,134.27,2643.85
100.96,364.91,126.53,45.96,111.83,110.9,200.5,179.69,134.33,2640
102.67,387.72,130.11,46.71,113.01,110.13,202.48,182.18,134.38,2681.05
102.7,385.62,133.16,47.29,114.65,111.52,198.01,183.53,134.42,2704.1
103.06,387.43,130.91,47.34,118.37,111.3,196.54,184.37,134.1,2706.53
103.42,397,130.88,47.35,119.74,111.8,197.72,186.43,135.19,2724.87
103.9,410.18,132,47.26,119.48,112.66,198.01,186.39,135.55,2737.7
104.96,411.11,130.54,47.48,118.88,111.41,196.62,184.72,136.32,2731.61
104.39,405.17,128.78,46.7,118.23,110.95,193.07,184.07,133.19,2706.05
104.52,404.91,128.6,47.19,117.58,111.51,191.67,184.54,133.71,2707.88
105.41,403.95,128.93,47.58,116.95,109.44,191.33,182.92,133.99,2709.8
107,410.72,132.67,47.89,118.72,109.2,194.49,185.52,136.05,2744.73
107.56,410.58,133.1,47.5,119.57,110.2,194.69,188.41,137.52,2753.03
106.62,409.82,132.62,48.4,118.16,110.66,192.53,187.71,136.48,2745.73
107.38,417.97,136.2,49.43,119.35,112.59,198.5,192.39,138.03,2775.6
106.5,416.26,135.8,49.65,119.31,113.51,198.67,192.33,138.7,2779.76
106.78,421.55,140.31,49.63,120.28,113.68,198.6,191.85,138,2784.7
106.61,417.58,138.88,49.41,119.14,114.29,196.36,191.82,137.84,2774.88
107.44,424.05,138.68,50.11,119.39,115.25,196,192.39,139.25,2792.67
106.93,426.87,141.41,50.79,119.62,113.59,198.65,189.98,139.46,2796.11
106.94,426.77,137.98,51.18,119.94,113.5,198.9,188.3,139.72,2793.9
107.42,435.44,139.58,51.59,120.08,112.78,198.1,183.67,139.17,2792.38
107.74,439.96,137.34,51.77,119.58,112.84,196.7,185.14,138.13,2784.49
108.9,440.62,137.47,51.41,122.03,114.01,198.2,185.17,139.2,2803.69
109,432.69,138.35,51.16,122.12,114.33,195.98,183.81,138.43,2792.81
108.85,430.12,137.14,51.3,123.29,114,196,184,137.88,2789.65
108.98,424.46,134.83,51.67,123.53,114.85,194.74,184.45,136.98,2771.45
107.86,422.56,132.8,51.29,121.94,114.01,192.77,182.51,135.36,2748.93
107.98,422.54,131.35,51.07,121.62,113.81,195.24,181.23,135.09,2743.07
109.56,400.01,133.11,51.92,123.62,114.75,195.97,182.44,137.71,2783.3
110.43,375.41,132.48,52.15,123.9,114.73,196.63,184,138.28,2791.52
112.14,377.14,133.5,52.59,124.67,114.09,197.25,181.14,138.56,2810.92
112.35,373.3,133.69,52.74,124.6,114.48,197.47,181.61,138.79,2808.48
113.52,378.99,132.67,53.2,125.31,114.96,198.26,182.23,139.43,2822.48
113.55,372.28,134.1,53.51,125.88,113.12,202.47,183.42,140.21,2832.94
112.67,373.43,134.15,53.31,125.28,110,201.12,184.13,140.49,2832.57
110.77,376.16,133.01,53.26,124.69,109.99,194.32,186.1,139.6,2824.23
111.82,372.7,134.06,53.94,125.86,108.66,194.58,189.97,141.44,2854.88
109.46,362.17,129.77,52.74,123.09,108.23,188.96,188.75,139.45,2800.71
109.04,370.46,131.38,52.73,122.89,107.79,188.51,189.68,139.18,2798.36
109.5,370.38,131.84,53.23,124.13,110.14,190.69,189.34,140.22,2818.46
108.98,374.21,131.2,53.14,122.79,110.28,190.03,189.25,139.24,2805.37
109.16,374.44,132.37,53.36,123.02,110.71,191.18,190.06,139.92,2815.44
109.3,381.42,135.49,53.99,123.18,111.03,191.99,191.89,141.1,2834.4
111.7,391.54,140.25,54.98,124.94,112.51,196.74,195.64,143.3,2867.19
111,390.75,140.19,55.29,124.93,111.96,197.5,194.31,143,2867.24
110.56,384.74,139.26,55.63,123.89,112.52,200.86,198.61,143.63,2873.4
110.12,395.86,140.13,55.14,124.8,114.75,202.23,200.45,142.78,2879.39
110.96,391.93,140.36,55.21,126.42,115,202.38,202.06,143.28,2892.74
110.7,374.52,139.82,55.49,126.68,114.96,202.54,203.55,143.39,2895.77
109.85,369.04,136.35,55.18,125.54,116.86,200.62,200.9,142.11,2878.2
110.16,364.94,137.53,55.82,125.49,117.16,202.98,199.43,143.02,2888.21
109.85,370.16,138.87,55.6,125.99,116.6,202.83,201.48,143.78,2888.32
110.91,379.64,141.2,56.29,119.76,130.06,207.84,203.85,144.35,2907.41
110.53,375.46,140.25,56.56,120.14,132.04,199.91,204.86,143.9,2905.58
111.88,381.72,142.03,56.95,121.17,129.9,201.84,204.47,145.14,2907.06
111.76,377.52,142.74,56.31,120.27,131.75,207.9,206.55,139.11,2900.45
113.67,380.07,143.36,56.4,119.86,132.45,205.91,205.66,140.33,2905.03
112.33,375.17,142.38,56.34,121.9,131.68,204.6,204.78,138.89,2907.97
113.97,374.02,142.03,56.69,122.02,133.36,204.14,206.05,140.44,2933.68
114.02,375.46,137.73,56.88,118.28,135.1,200.54,206.72,139.95,2927.25
115.88,382.8,136.13,56.33,117.9,137.24,201.4,206.5,138.63,2926.17
117.6,380.79,139.03,55.88,117.1,139.92,203.08,203.61,139.44,2939.88
116.76,379.05,139.02,56.13,117.72,139.3,206.92,202.16,139.05,2943.03
117.23,377.69,139.42,55.95,120.06,136.97,205.92,203.7,140.27,2945.83
117.02,376.8,138.15,55.58,117.81,136.38,204.73,198.8,140.56,2923.73
117.25,375.8,135.17,54.94,116.38,134.14,204.99,201.01,139.59,2917.52
119.35,376.46,139.06,54.94,117.27,134.33,207.52,200.56,140.25,2945.64
119.34,371.6,136.76,54.59,118.4,135,206.43,199.63,140.38,2932.47
118.22,357.23,133.67,53.45,118.27,133.44,202.63,194.77,137.64,2884.05
117.49,359.75,131.95,53.47,117.5,134.99,200.95,195.17,138,2879.42
117.26,354.13,131.2,52.92,121.19,133.59,201.63,194.58,135.34,2870.72
118.46,354.67,131.34,53.36,121.99,134.04,202.05,194.58,135.32,2881.4
115.9,337.37,125.3,51.3,120.44,131.34,194.97,190.34,131.42,2811.87
117.01,343.04,127.47,52.02,121.64,133.2,196.28,191.62,133.31,2834.41
117.66,345.64,127.3,52.44,122.14,134.68,196.4,191.76,134.4,2850.96
119.84,353.81,126.61,55.93,120.8,135.5,199.14,192.38,135.88,2876.32
119.07,355.02,122.76,56.35,120.52,135.04,197.43,192.58,134.32,2859.53
119.84,352.79,122.43,56.01,120.84,133.91,197.24,190.95,135.12,2840.23
120.55,358.75,124.95,56.52,121.34,134.09,199.11,191.45,136.45,2864.36
120.01,352.78,123.56,55.69,120.57,133.85,195.52,188.91,136.35,2856.27
118.43,350.55,122.26,54.19,117.87,132.73,191.97,192,132.39,2822.24
119.51,354.9,122.9,54.37,118.71,132.79,193,193.59,132.28,2826.06
118.17,354.88,121.59,53.93,118.31,132.62,189.44,191.55,130.46,2802.39
117.01,348.8,121.48,53.18,116.77,131.57,188.05,189.99,129.69,2783.02
116.74,349.87,121.84,53.57,115.38,132.2,187.37,191.08,129.57,2788.86
114.71,341.61,119.81,52.03,113.85,132.04,182.49,189.85,126.99,2752.06
114.62,338.89,120.65,51.78,115.99,132.47,183.19,189.57,128.27,2744.45
116.85,344.62,122.08,53.23,117.3,134.82,189.88,195.25,132.69,2803.27
118.12,348.75,123.12,54.75,117.65,135.94,188.44,196.69,131.49,2826.15
119.43,350.64,123.39,55.1,120.68,137.21,189.81,197.17,132.22,2843.49
121.11,353.7,124.46,55.93,121.48,138.04,189.81,197.3,133.31,2873.34
122.66,353.8,125.74,56.42,122.29,137.07,194.12,198.05,134.74,2886.73
123.23,349.33,127.28,57.11,121.17,135.08,194.73,198.01,135.95,2885.72
122.03,347.03,127.1,55.86,120.19,135.72,190.22,198.94,134.87,2879.84
121.86,348.86,127.17,56.17,120.91,141.74,191.45,202.35,135.76,2891.64
122,347.16,127.23,54.75,120.81,141.65,191.66,205.77,135.15,2886.98
121.45,354.9,127.32,55.4,121.39,140.97,190.83,206.98,134.95,2889.67
123.43,373.96,130.33,56.05,122.93,139.24,194.98,207.48,136.38,2917.75
124.68,368.56,130.61,56.13,122.89,140.92,195.64,207.94,137.08,2926.46
124.92,374.88,133.63,57.41,124.28,142.02,195.7,211.25,138.85,2954.18
124.73,371.84,133.89,57.03,124.93,140.23,195.94,209.39,139.2,2950.46
124.14,373.99,134.37,57.18,124.91,139.22,197.49,205.5,139.35,2945.35
123.16,369.32,133.71,56.08,123.64,139.94,196.06,204.74,138.36,2917.38
123.59,374.94,135.15,56.6,123.93,140.4,197.01,206.42,138.52,2913.78
123.94,364.02,135.5,55.73,123.11,139.3,199.32,207.02,138.52,2924.92
123.44,364.01,136.29,54.73,124.44,139.64,204.6,207.97,137.9,2941.76
124.92,356.46,136.6,54.74,124.84,141.65,206.86,210.28,139.88,2964.33
125.1,354.16,135.85,55.81,122.93,142.53,205.98,210.14,140.22,2973.01
125.86,354.47,135.59,56.48,123.35,142.98,206.04,212.1,141.54,2995.82
125.4,355.86,135.49,56.6,123.54,142.45,207.9,211.46,141.38,2990.41
124.85,351.12,134.84,56.19,123.6,141.02,205.75,212.91,140.57,2975.95
125.9,353.09,134.29,56.34,123.35,141.61,207.77,212,139.33,2979.63
126.89,352.3,132.64,57.13,125.44,143.54,205.97,210.75,140.47,2993.07
127.28,359,133.96,57.3,125.43,143.56,211.35,214.04,141.24,2999.91
127.96,365.33,138.36,57.95,125.98,144.88,213.94,218.23,142.74,3013.77
128.57,361.61,139.64,58.05,125.72,145.06,211.58,218.7,143.32,3014.3
128.06,362.75,139.09,57.62,124.76,144.3,215.52,217.26,143.53,3004.04
127.08,369.52,135.73,57.21,124.14,142.57,213.3,215.61,143.07,2984.42
128.4,361.11,134.89,57.74,124.68,141.63,214.52,214.44,149.63,2995.11
124.82,377.36,136.23,57.36,125.04,139.85,213.52,213.04,149.68,2976.61
126,373.42,135.24,57.73,125.31,140.84,214,211.27,149.74,2985.03
128.2,373.07,138.1,57.71,125.82,141.26,219.43,213.08,150.38,3005.47
127.95,361.43,131.91,57.23,126.54,141.29,222.03,214.71,150.03,3019.56
127.15,348.09,134.71,56.62,125.63,143.21,219.98,215.55,150.39,3003.67
126.78,345,132.92,56.53,123.72,144.65,222.14,216.91,151.36,3025.86
127.19,340.21,134.46,56.93,124.23,146.39,220.32,218.04,150.88,3020.97
126.47,347.46,132.95,56.47,124.34,144.93,221.4,217.36,149.77,3013.18
124.37,341.18,131.67,55.4,123.11,143.01,220.13,213.69,148.24,2980.38
124.09,334.29,126.79,55.39,120.74,141.85,211.6,212.83,150.32,2953.56
124.31,339.56,124.54,53.25,120.73,141.71,209.37,212.15,147.25,2932.05
120.72,331.06,121.65,51.37,118.74,138.3,201.68,204.94,140.76,2844.74
122.55,332.45,122.08,52.6,119.38,141.87,206.01,208.8,140.73,2881.77
123.54,331.38,120.78,52.34,119.1,134.86,205.74,207.91,139.11,2883.98
125.29,336.35,122.02,53.16,123.23,137.89,207,211.57,140.1,2938.09
126.17,337.55,119.38,52.43,122.42,138.52,206.9,210.02,136.13,2918.65
123.95,332.94,116.72,51.54,121.55,135.75,201.52,207.01,134.12,2883.75
126.32,332.86,119.01,52.72,122.39,137.01,204.11,208.33,135.79,2926.32
122.65,320.42,115.21,50.61,117.74,132.85,195.56,201.59,131.25,2840.6
122.38,328,115.25,46.25,116.95,133.41,196.18,201.79,131.92,2847.6
124.63,330.45,116.43,46.96,115.81,135.2,199.42,203.65,133.76,2888.68
124.4,333.78,117.36,48.5,117.31,135.29,202.2,207.95,135.04,2923.65
121.42,331.75,116.67,47.93,116.13,135.13,199.98,217.09,133,2900.51
122.5,339.99,117.68,48.77,117.88,135.76,200.68,220.4,134.25,2924.43
122.27,354.41,117.89,48.18,117.73,136.08,202.42,221.02,134.32,2922.95
117.76,356.01,114.06,46.61,115.18,131.67,196.2,217.47,129.57,2847.11
118.53,359.04,114.42,47.1,115.74,134.61,199.65,218.65,129.99,2878.38
117.75,354.73,113.38,46.79,115.83,134.49,198.07,218.21,131.17,2869.16
119.09,359.97,114.86,46.87,116.83,136.55,200.42,221.95,132.76,2887.94
120.74,362.74,117.77,47.27,117.52,137.84,203.44,227.32,134.88,2924.58
120.37,364.09,119,46.81,117.72,137.26,203.91,227.91,135.53,2926.46
117.6,354.42,117.03,46.5,116.27,136.31,198.97,224.07,134.1,2906.27
118.4,356.53,119.1,47.32,117.25,137.89,201.73,224.15,136.32,2937.78
120.67,360.3,122.99,48.42,117.64,138.84,207.05,228.15,140.97,2976
120.19,363,122.7,48.84,118.26,139.55,207.21,231.13,140.57,2978.71
119.92,358.78,127.25,48.58,119.39,138.83,211.98,232.87,142.6,2978.43
117.31,369.49,130.29,49.21,121.85,135.79,215.63,233,145.05,2979.39
118,382.94,133.09,50.03,121.28,136.19,216.8,232.66,143.6,3000.93
119.02,375.63,131.75,49.93,121.42,137.5,218.74,233.8,143.62,3009.57
119.2,379.76,133.78,50.03,121.5,138.02,219.9,233.98,143.67,3007.39
117.64,378.85,133.15,49.96,124.12,135.8,217.22,230.99,142.48,2997.96
119.05,384.2,132.17,49.41,123.89,136.31,215.91,230.21,142.2,3005.7
118.74,386.41,131.07,49.34,124.18,136.8,217.08,230.83,142.22,3006.73
117.79,384.44,130.12,49.19,123.66,133.3,215.23,228.12,142.97,3006.79
116.8,379.39,128.16,49.6,124.32,132.27,213.74,224.67,141.88,2992.07
118.24,377.03,128.42,49.42,124.9,132.46,213.46,226.25,142.07,2991.78
118.17,381.65,125.99,49.12,123.74,131.97,207.75,225.41,141.68,2966.6
119.12,386.2,126.61,49.605,123.51,133.09,210.03,228.1,143.16,2984.87
118.91,386.89,126.39,48.83,120.16,131.27,208.22,229.79,143.55,2977.62
118.59,382.86,126.59,48.84,118.6,129.96,208.97,229.86,143.24,2961.79
118.28,380.47,126.31,49.41,118.6,130.32,207.23,232.02,145.42,2976.74
116.7,374.94,122.37,47.74,116.01,129.55,202.69,231.08,143.66,2940.25
112.86,367.36,119.96,46.56,112.29,129.14,198.25,225.55,141.69,2887.61
112.55,372.07,120.04,47.06,113.15,128.15,197.24,226.81,142.02,2910.63
114.41,375.7,121.04,47.52,113.85,130.27,200.8,227.93,142.99,2952.01
113.65,376.54,120.25,47.77,113.26,130.9,200.4,226.74,141.28,2938.79
112.54,374.1,117.97,46.39,111.71,128.47,197.37,226.67,138.38,2893.06
113.92,374.96,119.44,46.84,113.14,129.33,196.85,228.94,139.67,2919.4
115.02,371,122.69,46.15,114.59,129.34,199.87,231.61,141.13,2938.13
116.4,374.92,128.4,46.56,116.15,130.02,204.68,234.66,142.76,2970.27
116.39,373.18,128.38,46.05,116.18,129.7,205.82,234.18,142.04,2966.15
117.59,370.96,131.03,46.36,116.31,129.76,206.46,235.62,143,2995.68
117.41,372.43,130.19,46.79,115.11,130.86,207.42,235.9,142.11,2989.69
119.1,369.06,132.07,47.03,115.35,132.37,206.46,236.77,134.26,2997.95
116.76,344,130.71,46.71,114.74,130.89,206.52,237.93,134.09,2986.2
119.05,331.06,132.23,47.39,116.61,130.26,209.25,236.7,132.58,3006.72
118.61,337,133.69,47.55,117.8,132.4,209.6,237.2,133.96,2995.99
116.49,340.5,135.34,47.05,117.98,131.13,211.32,234.67,134.38,3004.52
116.41,344.55,133.85,46.41,117.58,130.26,211.05,233.89,134.07,3010.29
118.26,339.83,139.73,46.9,118.67,130.9,214.23,234.38,135.44,3022.55
118.58,340.88,140.06,47.17,118.48,130.53,217.75,236.8,135.97,3039.42
117.42,348.93,141.33,47.24,118.13,129.48,217.64,234.14,133.82,3036.89
118.07,346.06,140.34,47.56,116.36,129.6,215.81,236.24,135.25,3046.77
117.28,339.91,137.8,47.51,116.14,129.92,213.38,234.58,133.73,3037.56
119.14,345.19,144.49,47.03,116.21,132.75,217.39,237.34,135.53,3066.91
119.62,351.09,146.92,47.48,121.57,132.92,219.87,234.92,137.67,3078.27
118.77,358.29,146.37,47.76,121.94,131.45,218.64,232.2,137.89,3074.62
119.69,354.19,145.49,48.27,119.9,131.27,218.42,234.01,138.78,3076.78
121.28,357.31,147.01,48.42,121.89,132.96,223.29,232.94,137.69,3085.18
121.47,351,148.16,48.83,120.93,137.96,222.91,232.84,137.61,3093.08
120.9,366.96,148,48.1,120.81,136.74,219.03,231.8,135.47,3087.01
120.89,362.88,146.34,48.37,120.96,138.58,220.41,233.12,135.59,3091.84
120.26,362.5,144.49,48.46,122.28,148.72,219.32,234.8,134.48,3094.04
120.93,367.44,143.44,44.91,121.96,147.15,219.43,236.55,134,3096.63
120.76,371.68,145.31,45.09,120.64,144.67,220.25,237.29,134.4,3120.46
119.66,369.46,143.59,45.15,118.55,147.65,219.73,238.85,134.31,3122.03
120,367,143.18,45.47,116.45,148.38,220.04,225.86,134.52,3120.18
119.3,370.91,141.52,45.08,117.34,146.93,217.91,220.9,133.2,3108.46
118.8,366.44,143.36,44.84,118.77,146.9,218.23,218.54,133.84,3103.54
119.06,371.34,143.88,44.85,118.63,148.29,220.28,218.03,134.34,3110.29
120.6,373.13,146.42,45.45,118.38,149.69,222.75,218.4,135.97,3133.64
119.79,373.51,146.09,45.31,117.79,151.64,222.45,220.76,135.09,3140.52
120.33,368,145.69,45.24,118.07,151.48,222.95,223,133.77,3153.63
120.12,366.18,144.73,45.31,117.13,151.58,221.35,220.51,134.45,3140.98
117.26,355.18,142.96,44.7,116.8,150.62,217.64,217.62,132.91,3113.87
116.57,352.08,140.06,44.28,115.89,148.58,212.24,214,132.12,3093.2
117.94,348.84,140.12,43.89,116.94,148.28,215.94,214.1,131.99,3112.76
118.28,345.68,141.05,43.52,116.33,147.44,217.14,213,131.91,3117.43
120.61,354.09,142.72,43.84,118.01,147.66,224.61,214.28,133.22,3145.91
120.46,351.21,142.83,43.9,117.3,146.21,221.81,216.53,133.92,3135.96
120.9,347.9,142.87,44.1,117.89,146.1,221.88,215.9,133.91,3132.52
120.64,350,144,44.28,116.23,147.59,221.19,212,133.76,3141.63
122.64,346.29,146.78,45.67,118.81,147.76,226.05,212.04,135.32,3168.57
124.72,341.67,145.53,45.3,117.96,146.38,225,214.08,134.21,3168.8
123.68,327,145.36,45.98,119.36,148.46,228.04,215.53,134.13,3191.45
124.95,327,146.37,46.44,118.6,147.73,231.15,217.72,134.22,3192.52
124.26,330.68,147.12,46.64,118.55,146.26,230.45,218,134.41,3191.14
124.83,333.5,145.02,47.88,118.13,146.15,229.94,220.22,134.56,3205.37
125.77,328,147.57,47.45,119.68,146.88,228.93,221.19,135.59,3221.22
124.49,337.55,148.5,48.1,120.33,144.68,229.09,219.21,135.55,3224.01
124.74,333,147.48,47.78,120.34,145.29,229.91,220.67,134.98,3223.38
125.41,329.92,148.22,47.85,120.6,145.7,231.21,220.82,134.91,3239.91
125.19,330.14,148.28,47.77,120.3,145.75,230.66,219.97,135.27,3240.02
124.3,326.4,147.52,47.59,119.85,143.77,229.8,217.31,132.81,3221.29
124.49,325.76,147.68,47.96,120.51,144.63,229.93,218.38,134.04,3230.78
125.85,333.32,150.53,48.42,121.43,148.2,234.32,219.66,135.42,3257.85
124.6,332.76,148.44,47.63,121.01,146.5,231.58,218.93,134.34,3234.85
124.06,333.74,148.34,47.8,120.6,145.65,233.95,219.96,134.1,3246.28
123.41,337.28,146.38,47.49,119.06,145.7,235.49,218.52,134.19,3237.18
125.54,331.37,147.68,47.52,117.7,145.4,237.76,221.79,135.31,3253.05
127.81,336.34,147.31,47.32,117.51,144.83,242.6,225.19,136.74,3274.7
127.28,329.92,146.13,47.13,116.44,144.62,242.11,224.22,136.69,3265.35
128.54,330.22,146.82,47.97,116.66,143.88,245.21,223.34,136.6,3288.13
128.8,332.35,146.68,47.79,116.3,145.2,245.66,222.81,135.82,3283.15
129.82,329.8,145.57,48.01,116.13,144.32,245.21,224.59,136.62,3289.29
130.55,332,147.87,49.05,116.89,145.12,249.72,228.82,137.98,3316.81
131.52,324.15,147.78,49.02,115.58,144.33,249.46,231.91,138.31,3329.62
130.53,313.37,145.85,48.8,113.31,143.56,245.7,232.95,139.17,3320.79
131.49,309,142.63,49.06,112.9,144.01,247.05,232.9,143.89,3321.75
131.37,317.79,142.75,49,113.1,142.2,245.58,233.65,142.87,3325.54
135.11,323.05,140.38,48.85,111.85,140.08,241.92,232,140.56,3295.47
130.64,316.6,135.73,47.47,110.39,135.9,238.14,231.19,138.62,3243.63
132.45,316.56,136.74,47.77,111.12,138.37,242.58,233.86,139.55,3276.24
131.68,322.02,135.78,47.05,110.37,136.06,240.12,234.02,137.69,3273.4
133.22,323.3,135.37,47.24,111.4,137.81,244.13,232.79,136.77,3283.66
129.87,318.27,131.35,45.97,107.14,138.31,237.75,228.1,143.73,3225.52
131,316,129.77,46.53,106.28,141.32,239.01,231.54,146.27,3248.92
131.85,317.94,133.51,47.62,106.85,144.73,241.94,235,149.11,3297.59
133.6,329.55,137.44,48.45,110.28,141.37,244.3,238.11,156.33,3334.69
133.25,341.43,137.25,48.69,109.49,142.7,241.82,238.84,156.76,3345.78
131.82,336.75,133.37,47.97,108.94,141.02,238,237.3,153.41,3327.71
132.24,344.67,134.32,48.87,109.79,142.59,237.36,240.61,154.43,3352.09
132.63,344.42,136.19,49.13,111.21,141.01,236.46,241.64,153.48,3357.75
133.24,347.45,139.59,49.93,112.04,141.85,238.65,241.59,155.31,3379.45
134.46,342.82,139.72,47.32,111.66,140.9,238.35,242.36,154.31,3373.94
135.87,340.49,137.99,46.97,110.08,139.54,237.08,245.03,150.7,3380.16
135.6,338.88,136.58,46.59,110.24,139.14,233.21,243.94,151.1,3370.29
136.93,338.3,136.86,46.29,110.74,141.3,237.33,243.64,150.86,3386.15
136.58,336.28,136.93,46.85,109.81,140.37,232.73,247.02,151.22,3373.23
134.9,330.38,137.21,46.295,109.01,138.97,230.62,245.34,149.84,3337.75
128.19,317.9,132.17,44,104.71,133.01,224.54,239.7,146.43,3225.89
120.9,304.14,129,42.74,100.71,128.19,217.61,237.38,141.71,3128.21
118.5,305.59,128.25,42.16,98.04,123.36,215.78,235.28,139.75,3116.39
112.81,287.76,123.27,40.04,94.13,118.04,205.69,224.73,133.11,2978.76
109.93,275.11,124.24,39.93,93.34,117.65,200.77,217.84,130.15,2954.22
113.87,289.27,127.6,41.17,96.59,119.98,209.47,229.94,134.3,3090.23
108.01,280.62,124.38,40.04,94.39,116.45,203.43,227.94,128.9,3003.37
115.7,283.12,127.4,41.39,98.53,119.18,208.74,241.08,134.22,3130.12
110.94,260.37,121.97,39.57,97.19,113.98,198.79,234.81,129.55,3023.94
108.24,262.33,121.41,39.68,95.32,115.27,192.85,228.51,127.73,2972.37
98.29,227.17,104.07,37.96,80.67,104.35,172.81,210.46,117.81,2746.56
103.3,231.01,106.49,40.08,84.98,111.46,184.35,225.7,124.77,2882.23
95.38,189.08,100.69,37.05,83.03,105.51,171.89,212.89,117.97,2741.38
83.53,154.84,92.26,33.2,76.26,91.81,150.68,190.59,102.81,2480.64
99.6,170.2,99.64,37.64,83.42,102.52,177.17,205.67,107.95,2711.02
85.87,129.61,93.41,33.71,69.7,95.01,154.66,164.96,99.08,2386.13
86.58,124.14,100.2,35.5,70.69,93.53,158.67,173.64,106.65,2529.19
73.75,101.89,100.12,37.12,55.05,88.8,140.02,155.63,103.55,2398.1
77.07,97.71,103.01,37.71,57.39,94.93,149.49,161.13,100.34,2409.39
74.12,95.01,95.5,35.6,59.39,85.98,138.41,152.15,95.39,2304.92
68.96,105.62,91.85,34.6,54.22,85.76,134.97,162.39,94.77,2237.4
84.05,127.68,101.34,38.6,66.55,98.12,153.6,184.72,105.48,2447.33
90.17,158.73,104.67,37.67,69.27,100.73,155.13,181.76,105.85,2475.56
93.29,180.55,110.5,40.58,76.38,105.36,165.79,195.21,112.89,2630.07
88.73,162,105.44,38.82,68.78,96.4,158.34,190.55,108.03,2541.47
90.27,152.28,111.71,40.32,71.95,99.8,159.62,196.1,112.93,2626.65
85.61,149.14,116.04,39.31,72.46,96.6,154.59,186.71,110.93,2584.59
77.84,130.7,111.35,38.33,68.56,94.92,145.29,178.63,105.14,2470.5
76.66,123.27,116.74,39.8,76.12,96.97,149.93,181.31,110,2526.9
73.6,124.52,114.67,39.06,75.11,93.88,146.93,178.7,106.34,2488.65
83.87,148.77,120.43,41.43,80.39,99.58,158.23,191.33,114.82,2663.68
87.58,141.58,121.92,40.64,80.92,101.24,166.02,192.29,114.94,2659.41
92.08,146.87,127.4,41.74,85.98,101.07,176.96,194.82,119.29,2749.98
94.82,151.84,125.03,41.2,84.31,104.5,184.26,201.53,121.5,2789.82
90.33,147.33,114.14,41.22,84.91,103.5,179.18,198.79,121.15,2761.63
88.39,141,116.48,42.78,84.61,106.03,178.23,207.17,123.91,2846.06
83.79,145.98,111.53,41.52,82.49,103.37,178.52,198.48,118.69,2783.36
81.35,134.24,113.22,41.5,79.99,102.02,177.04,199.85,115.73,2799.55
87.39,154,116.3,42.48,87.17,106.63,183.49,209.42,120.12,2874.56
84.01,143.61,114.6,42.54,83.57,102.26,180.4,206.05,120.41,2823.16
81.52,136.33,109.85,40.55,81.64,100.54,173.81,200.61,116.76,2736.56
82.54,134.97,110.64,41.76,84.44,100.99,175.98,204.17,119.31,2799.31
82.46,137.74,112.91,41.62,86.8,101,175.05,202.32,121.35,2797.8
83.17,128.98,114.04,42.52,87.01,101.19,177,212.18,124.72,2836.74
85.06,128.68,115.2,43.06,89.71,106.06,183.54,217.76,125.92,2878.48
88.19,131.3,115.46,42.49,89.91,106.21,187.01,217.63,126.27,2863.39
96.12,139,120.06,43.34,94.62,112.25,190.03,221.81,128.69,2939.51
91.25,141.02,116.38,42.38,92,108.15,183.42,219.83,125.56,2912.43
88.32,133.37,110.88,40.92,89.44,105.5,177.1,218.57,121.87,2830.71
86.38,131.46,107.72,41.35,91.44,103.18,176.03,221.84,121.68,2842.74
86.74,125.4,108.91,41.46,92.89,101.06,178.3,225.61,122.58,2868.44
84,121.86,107.67,41.15,90.05,100.88,176.92,223.92,123.17,2848.42
86.73,128.65,107.29,41.37,92.64,105.57,182.32,229.45,121.23,2881.19
89.5,133.44,112.11,42.99,95.47,109.16,185.39,234.43,122.99,2929.8
85.33,128.91,108.61,43.32,93.37,107.77,183.16,236.56,122.59,2930.32
83.14,125.22,105,43.22,91.1,104.56,177.21,232.9,120.26,2870.12
78.03,121.5,104.48,41.95,88.7,102.92,171.8,230.1,115.73,2820
83.81,122.52,106.19,43.85,90.05,105.91,174.45,234.48,116.95,2852.5
82.22,120,107.92,44.27,89.16,109.05,171.87,239.33,116.98,2863.7
88.41,135.44,115.02,45.06,92.55,116.85,181.88,245.35,121.56,2953.91
87.26,130.44,112.08,44.605,89.62,114.37,177.83,238.1,120.29,2922.94
90.73,133.32,115.69,45.44,93,119.92,181.44,238.19,121.38,2971.61
89.83,139,114.06,44.64,92.04,117.83,180.1,240.88,119.12,2948.51
89.33,137.53,112.47,44.9,90.28,118.02,179.93,241.88,118.39,2955.45
94.32,144.73,117.41,44.84,93.3,120.95,196.06,242.48,121.76,2991.77
101.23,149.52,122.42,45.96,93.9,121.53,209.66,247.36,125.54,3036.13
98.06,149.82,120.74,45.595,90.87,116.75,201.22,245.14,124.53,3029.73
95.07,145.85,120.13,47.82,91.7,117.3,196.49,248.48,124.9,3044.31
96.75,151.39,120.5,46.3,92.79,118.77,199.93,247.29,124.89,3055.73
99.07,153.31,123.32,46.89,94.69,118.75,204.14,252.71,126,3080.82
105.4,173.16,127.09,46.94,97.18,122.18,210.57,251,129.05,3122.87
106.54,184.3,128.96,46.86,96.28,123.69,214.82,248.95,128.89,3112.35
109.73,205.43,135.12,47.83,100.81,124.82,217.92,254.9,132.06,3193.93
113.67,230.5,137.72,48.13,103.24,127.28,220.81,256.77,135.75,3232.39
110.46,216.74,134.19,48.05,101.53,123.89,218.1,256.76,131.87,3207.18
106.16,203.41,132.44,47.42,97.58,122.18,213.52,254.45,129.87,3190.14
98.6,170,121.55,43.67,89.37,112.64,194.13,239.47,118.01,3002.1
101.68,189.51,123.15,45.07,92.39,115.49,201.78,242.45,121.91,3041.31
103.95,190.94,123.61,45.35,91.23,117.08,206.31,241.36,121.65,3066.59
105.62,197.77,130.11,46.48,94.03,118.44,209.59,249.95,125.15,3124.74
103.96,192.54,128.23,46.17,91.54,117.65,206.19,250.85,124.15,3113.49
102.16,192.29,127.59,45.83,91.94,118.37,203.84,249.21,124.16,3115.34
100.94,187.02,127.46,45.32,90.63,114.35,201.63,246.65,122.47,3097.74
99.44,188.52,125.79,45.16,91.59,115.92,203.42,249.16,121.07,3117.86
99.42,187.88,126.25,45.47,91.44,116.59,204.78,250.31,119.41,3131.29
95.48,176.69,122.06,44.75,87.64,112.07,198.02,246.13,116.42,3050.33
97.85,174.88,124.71,45.22,89.21,111.36,207.1,245.38,119.03,3083.76
93.42,170.01,122.39,46.31,86.46,109.1,189.19,241.01,117.19,3009.05
94.52,194.49,125.25,46.15,87.67,111.52,193.47,246.12,119.75,3053.24
95.2,183.3,126.5,46.64,89.23,111.51,197.62,250.51,120.77,3100.29
94.05,180.32,126.06,46.06,87.62,113.01,197.57,248.15,118.54,3115.86
94.33,180.81,127.72,45.63,88.31,112.18,197.4,248.5,119.7,3130.01
96.58,187.91,129.43,46.42,88.57,114.43,207.36,249.55,120.19,3179.72
93.01,178.88,127.2,45.63,86.31,113.63,199.36,247.35,117.58,3145.32
92.9,180.08,128.13,45.81,86.35,116.66,202.25,249.17,117.71,3169.94
90.57,173.28,125.73,46.7,82.74,116.81,196.83,247.96,115.71,3152.05
93.23,178.44,128.01,46.66,85.23,119.34,205.56,250.11,118.35,3185.04
93.56,175.65,130.57,45.93,85.4,116.22,208.88,249.62,119.2,3155.22
94.84,179.96,136.88,46.26,88.35,118.66,214.01,257.79,120.6,3197.52
97.36,187.94,138.36,46.4,88.89,120.9,216.9,257.8,123,3226.56
96.32,178.7,138.56,45.78,88.36,119.43,214.67,258.08,124.01,3215.57
95.18,175.66,136.9,46.75,87.19,118.65,211.41,260.38,125.11,3224.73
94,174.42,134.63,46.97,85.27,117.79,211.71,260.17,126.37,3251.84
96.33,178.63,135.87,47.02,91.39,118.62,212.02,262.42,126.06,3257.3
96.54,179.79,136.98,46.9,91.04,119.03,206,265.17,128.67,3276.02
96.67,176.45,136.6,47.41,91.01,118.12,203.02,263.81,127.33,3235.66
95.33,173.76,137.58,46.4,90.13,117.61,201.47,265.31,125.79,3215.63
95.79,170.21,139.89,47.19,91.04,116.31,203.02,267.42,126.21,3239.41
94.42,170.84,138.03,46.28,89.11,116.18,201.62,265.28,124.47,3218.44
96.69,166.01,140.53,46.71,90.07,115.61,202.58,264.66,125.32,3258.44
94.65,161.95,136.73,46.44,86.27,115.66,199.53,266.31,122.9,3246.22
93.32,158,132.88,47.1,83.94,116.94,197.96,265.49,122.94,3271.12
93.54,162.27,131.78,47.16,84.81,116.35,199.39,266.18,124.31,3294.61
93.19,165.07,131.52,47.67,86.49,117.29,201.64,267.87,125.84,3306.51
95.39,174.28,134.97,47.33,87.2,127.61,204.52,267.48,125.45,3327.77
95.92,172.2,134.39,47.77,87.47,130.82,204.25,269.37,126.12,3349.16
99.16,170.02,134.92,47.43,86.8,129.93,208.27,271.64,124.96,3351.28
101.62,179.41,142.02,47.73,89.73,128.79,209.38,274.73,127.11,3360.47
103.26,180.13,142.53,47.19,89.62,130.49,211.06,274.92,126.75,3333.69
101.68,175.44,142.57,48.1,90.72,131.79,212.13,281.58,126.7,3380.35
100.42,174.73,140.67,42.72,89.82,130.96,208.39,281.66,125.03,3373.43
100.41,178.08,139.96,42.5,90.35,130.53,207.97,280.55,125.27,3372.85
97.55,172.01,138.72,42.09,90.77,129.37,203.07,288.24,124.44,3381.99
96.67,170.23,138.37,41.98,87.63,128.92,201.31,285,124.92,3389.78
96.89,169.27,138.02,41.87,86.39,127.77,203.02,282.86,123.84,3374.85
96.72,169.58,137.48,42.31,84.81,128.12,201.85,280.68,123.15,3385.51
96.15,167.5,138.43,42.25,85.08,127.44,202.43,283.23,123.16,3397.16
99.33,178.27,141.68,42.18,87.2,130.69,207.34,286.75,125.68,3431.28
99.05,174.73,141.15,41.96,86.13,129.79,206,286.13,124.64,3443.62
98.4,171.9,141.83,42.25,84.78,132.18,207.22,291.93,124.17,3478.73
101.53,174.2,143.37,42.29,84.91,133.73,210.15,288.63,124.65,3484.55
102.54,175.8,143.63,42.2,85.63,135.54,207.71,286.29,125.07,3508.01
101.59,171.82,142.31,42.22,83.93,131.87,204.87,285.04,123.31,3500.31
102.47,172.1,146.05,42.03,83.08,133.55,205.46,285.94,123.4,3526.65
104.4,174.78,149.27,42.42,83.19,135.39,210.04,287.2,128.18,3580.84
104.46,168.77,146.76,40.95,82.28,133.24,207.56,274.63,124.45,3455.06
105.67,171.05,148.18,40.82,81.93,131.99,210.94,269.66,122.3,3426.96
103.67,161.08,148.52,40,78.97,134.2,202.48,269.26,121.21,3331.84
103.78,160.78,152.69,40.13,80.03,133.36,202.22,277.04,122.26,3398.96
102.77,157.69,149.86,39.57,78.15,133.22,200.01,272.7,120.56,3339.19
103.36,160.23,153.83,39.88,77.69,131.75,200.92,276.33,121.46,3340.97
107.27,165.35,153.51,40.37,77.29,131.25,201.34,280.65,122.09,3383.54
106.68,163.49,148.6,40.6,76.35,131.24,198,285.58,122.44,3401.2
105.98,167.46,151.11,40.42,78.56,132.09,200.68,281.63,124.22,3385.49
104.66,167.53,153.87,40.37,78.79,130.22,194.83,279.96,124.92,3357.01
103.44,161.14,152.39,39.81,78.21,128.63,194.86,275.19,122.76,3319.47
98.17,156.35,145.33,39.04,76.3,125.41,194,272.35,120.25,3281.06
98.48,156.8,147.15,39.32,75.53,127.21,191.62,273.31,120.51,3315.57
95.56,151.18,144.38,38.28,71.95,123.28,186.12,266.55,118.83,3236.92
95.45,146.05,145.14,37.85,71.8,122.49,195.11,265.7,118.09,3246.59
96.26,156.03,145.91,38.45,71.83,124,194.95,268.55,118.95,3298.46
98.82,166.08,147.68,39.13,73.93,125.99,199.07,272.33,121.73,3351.6
97.75,163.6,147.41,39.06,71.9,125.4,196.79,272.11,120.94,3335.47
100.25,165.26,149.15,39.39,72,124.08,200.97,277.71,121.67,3363
101.33,167.86,146.71,38.8,70.42,123.31,198.55,277.62,121.09,3380.8
101.61,168.08,149.94,38.27,71.19,122.55,199.9,279.31,120.57,3348.44
103.89,171.2,153.49,38.57,72.7,123.37,201.8,282.1,122.01,3408.63
101.76,159.54,151.53,38.57,72.3,120.93,201.09,276.47,121.97,3360.95
103.38,164.61,154.77,39.4,73.78,122.91,203.6,282.79,124.07,3419.45
106.06,168,156.66,39.79,75.22,123.09,207.98,284.52,131.49,3446.83
106.34,167.33,158.94,39.85,74,124.98,207.54,285.92,127.79,3477.13
106.61,167.35,162.61,40.36,74.51,124.97,214.12,286.91,127.21,3534.22
105.01,162.14,162.12,39.81,73.4,128.96,210.81,290.36,125.1,3511.93
104.81,163.24,163.61,39.89,72.95,126.59,211.23,287.09,125.94,3488.67
104.43,164.24,165.04,39.97,73.51,127.36,208.6,287.54,124.89,3483.34
104.91,167.35,168.75,40.16,72.89,126.81,206.21,287.66,125.93,3483.81
102.47,167.11,167.53,39.3,71.28,124.23,205.69,283.73,125.52,3426.92
103.14,167.24,168.99,39.2,71.68,124.95,208.03,286.04,117.37,3443.12
101.43,163.86,167.4,39.06,70.87,126.63,202.91,284.51,115.06,3435.56
104.79,169.07,169.66,38.82,73.4,127.56,205.4,281.16,115.76,3453.49
100.98,167.36,168.59,38.82,72.57,128.35,205.04,283,116,3465.39
96.88,160.83,163.2,37.67,70.94,124.06,201.14,276.04,112.22,3400.97
94.93,155.24,157.91,36.87,69.51,123.31,195.68,276.84,110.56,3390.68
91.6,148.14,151.16,35.71,66.88,118.47,189.77,269.72,106.65,3271.03
91.07,148.29,154.67,35.69,68.8,121.54,189.94,269.63,108.91,3310.11
91.24,144.39,157.05,35.9,69.5,121.25,189.04,266.71,111.66,3269.96
93.4,148.6,163.27,35.9,72.15,120.13,190.2,270.74,112.91,3310.24
96.29,153.65,167.69,36.68,71.74,124.02,197.93,277.37,114.16,3369.16
96.4,151.63,155.23,36.57,71.77,125.07,197.87,282.72,111.9,3443.44
98.11,157.09,163.09,37.23,72.14,126.96,202.96,285.85,114.77,3510.45
96.69,157.74,161.29,37.53,71.15,127.46,201.26,284.24,114.04,3509.44
117.37,179.36,170.82,38.2,79.4,142.59,214.93,269.97,115.53,3550.5
115.95,188.69,172.3,38.72,83.07,142.11,217.47,275.57,117.91,3545.53
111.12,182.15,169.46,39.33,82.46,137.82,218.05,277.75,117.2,3572.66
111.1,176.72,169.13,38.67,80.67,135.52,214.51,276.24,114.5,3537.01
114.99,187.11,171.71,41.4,83.03,138.36,219.08,277.17,116.85,3585.15
118.67,202.4,173.19,42.54,88.96,144.67,222.38,279.57,118.36,3626.91
116.48,210.05,171.91,41.88,87.04,144.5,224.65,272.47,117.7,3609.53
114.24,203.3,172.74,41.32,84.28,143.9,224.3,269.83,116.77,3567.79
114.14,205.67,172.9,41.17,85.73,141.72,224.57,270.93,117.18,3581.87
112.58,199.62,172.23,40.97,85.79,141.07,223.35,269.81,116.94,3557.54
116.09,211.53,174.78,41.64,91.03,145.98,228.83,271.4,120.09,3577.59
120.39,218.49,176.9,42.61,95.62,151.49,237.5,273.31,124.42,3635.41
120.58,217.61,174.63,42.5,92.14,149.09,236.54,273.96,124.2,3629.65
120.59,216.5,175.08,42.7,91.31,147.13,235.4,275.99,124.35,3638.35
118.59,210.71,173.59,43.02,87.18,148.01,230.58,277.41,123.52,3621.63
119.93,213.01,173.26,43.54,87.45,149.44,232.08,276.6,123.16,3662.45
122.33,223.85,173.87,43.89,89.87,153.61,237.65,271.1,124.62,3669.01
123.12,237.2,174.63,44.11,89.8,153.24,235.47,268.14,123.61,3666.72
125.04,232.71,182.21,44.38,93.28,154.14,239.58,263.99,127.2,3699.12
123.94,238.17,178.71,44.35,90.76,153.68,238.45,262.64,124.7,3691.96
123.52,236.57,178.84,44.37,91.54,153.72,238.84,261.72,125.71,3702.25
121.69,232.06,180.07,44.69,90.44,154.43,242.82,265.58,126.79,3672.82
121.84,234.43,178.85,44.32,93.35,154.69,244.4,264.81,124.96,3668.1
120.23,230.33,179.29,44.32,92.45,175.72,239.99,264.55,124.27,3663.46
117.36,228.62,178.05,44.24,89.44,169.3,237.79,265.58,123.53,3647.49
119.1,229.5,181.74,44.72,89.37,173.94,242.43,267.98,125.93,3694.62
119,225.87,179.5,44.72,88.69,173.12,243.77,269.59,125.55,3701.17
118.98,221.24,179.17,44.82,88.41,173.55,244.43,273.97,125.55,3722.48
117.51,219.75,180.96,45.44,87.19,172.89,242.13,270.45,125.85,3709.41
116.41,219.31,180.16,44.88,86.09,170.69,256.98,270.99,123.39,3694.92
114.55,218.78,176.58,44.69,84.36,170.45,250.09,270.04,123.61,3687.26
116.95,219.69,178.42,44.375,85.69,173.55,256.45,269.81,123.9,3690.01
117.35,217.15,179.56,44.54,85.33,173.73,256.16,270.92,124.69,3703.06
118.36,216.09,178.37,44.92,84.9,178.86,259.59,269.25,124.82,3735.36
118.14,216.25,176.65,44.64,84.61,177.3,258.01,266.19,123.8,3727.04
119.43,216.67,180.04,44.48,85.33,181.17,259.45,265.26,124.34,3732.04
120.91,214.06,182.02,44.75,84.45,181.18,263.71,265.62,125.88,3756.07
118.04,202.72,182.15,43.96,84.71,177.68,265,263.92,123.94,3700.65
118.67,211.63,183.64,43.98,87,178.44,270.93,266.05,126.14,3726.86
123.06,211.03,193.86,44.4,89.8,179.12,285.55,267.57,129.29,3748.14
121.66,212.71,194.23,44.96,90.22,178.58,291.65,266.26,128.99,3803.79
121.78,209.9,194.26,45.06,91.08,178.69,290.08,269.09,128.53,3824.68
121.06,206.79,193.86,45.36,91.6,179.09,293.83,271.23,128.58,3799.61
121.62,208.41,197.54,45.79,93.34,175.99,302.21,276.33,129.21,3801.19
122.4,207.21,195.89,45.36,93.25,176.12,302.94,274.05,126.92,3809.84
123.78,209.91,197.4,45.15,95.49,173.43,307.87,268.34,128.97,3795.54
122.15,204.32,194.62,45.43,92.09,171.44,301.01,275.59,128.39,3768.25
126.75,210.71,194.06,45.19,94.51,172.26,294.2,273.19,129.02,3798.91
128.94,211.45,192.34,45.34,95.38,173.64,290.47,274.3,130.08,3851.85
127.43,207.41,192.19,45.11,92.01,171.28,289.37,279.05,131.65,3853.07
126.14,205.84,191.94,44.77,91.73,172.78,289.39,284,118.61,3841.47
121.15,203.36,187.34,45.03,90.9,171.89,283.04,285.08,118.58,3855.36
116.15,202.06,187.21,45.26,89.36,169.56,281.76,282.6,122.49,3849.62
114.09,194.03,180.63,45.7,88.2,163.03,273.33,274.05,122.47,3750.77
118.97,197.23,184.34,45.34,89.02,171.88,275.02,278.05,120.08,3787.38
116.26,194.19,182.84,44.58,85.2,168.17,271.17,270.82,119.11,3714.24
117.03,195.84,184.72,45.4,86.41,170.97,274.73,270.07,120.54,3773.86
120.7,200.94,192.5,45.83,87.06,176.96,286.97,272.16,119.44,3826.31
120.44,207.39,191.45,45.77,88.96,176.43,288.55,274.17,119.12,3830.17
124.9,210.64,191.65,47.25,89,180.23,293.75,278.82,121.02,3871.74
126.28,207.93,193,48.08,89.26,181.16,293.5,278.86,121.79,3886.83
127.99,211.95,197.45,48.94,91.48,190,300.15,280.03,123.61,3915.59
126.68,215.12,197.28,48.5,90.96,188.21,300.46,276.77,122.1,3911.23
128.23,211.92,197.72,47.24,92.52,189.63,304.28,278.69,122.24,3909.88
128.31,210.66,198.35,47.58,92.02,190.91,302.32,277.06,120.91,3916.38
129.62,210.98,197.99,47.29,92.55,187.67,306.32,277.51,120.8,3934.83
130.68,217.18,202.38,46.51,93.13,186.35,311.96,275.39,120.07,3932.59
128.56,215.52,202.3,46.25,95.92,186.44,312.74,280.92,119.97,3931.33
128.49,208.48,199.92,46.34,95,183,309.9,283.05,120.73,3913.97
131.71,217.47,209.91,45.68,95.8,183.65,315.62,279.64,118.99,3906.71
135.95,212.88,218.06,45.43,98.39,191.76,316.87,275.85,120.86,3876.5
136.94,212.12,220.18,45.51,99.63,197.09,319.21,267.24,120.71,3881.37
139.89,229.34,222.47,45.74,103.31,197.51,330.64,259.97,123.21,3925.43
137.08,216.45,221.82,45.52,102.35,190.98,327.76,255.25,122.47,3829.34
135.26,212.01,215.88,44.87,100,189.04,319.48,258.34,118.93,3811.15
138.71,224.39,219.76,45.92,102.05,194.98,329.92,261.62,120.74,3901.82
139.25,223.14,215.82,45.515,102.44,193.94,330.94,260.29,120.33,3870.29
142.59,228.56,214.91,45.13,103.59,192.26,334.43,257.36,122.36,3819.72
142.68,224.71,212.77,44.56,104.5,188.03,329.29,250.93,120.11,3768.47
147.33,223.22,220.16,46.25,109,189.99,327.37,253.52,122.83,3841.94
150.27,224.03,221.58,47.51,109.75,201.91,334.19,259.03,124.81,3821.35
145.1,230.61,216.8,47.89,109.5,194.51,330.59,264.96,124.18,3875.44
146.75,245.34,221.06,48.29,111.37,195.06,342.02,266.24,127.87,3898.81
147.75,252,219.76,48.8,111.19,196.75,342.1,268.85,127.14,3939.34
148.54,269.19,229,48.82,111.56,197.16,348.81,273.1,127.61,3943.34
146.99,265.63,230.74,49.41,110.25,196.76,346.05,278.54,128.58,3968.94
143.3,255.21,226.46,49.67,107.64,194.24,341.71,282.08,128.24,3962.71
144.68,263.59,233.63,49.42,108.03,195.24,344.95,280.03,129.03,3974.12
142.58,256.06,230.68,48.8,104.12,192.28,348,283.16,130.06,3915.46
140.71,255.82,225.29,48.98,103.38,191.14,344.2,289.1,128.9,3913.1
139.95,251.23,226.02,50.3,102.54,192.86,339.33,288.94,130.55,3940.59
136.08,241.25,218.25,50.01,101.97,188.73,331.77,289.98,130.46,3910.52
138.42,239.24,221.23,49.65,104.7,184.72,328.65,292.75,130.62,3889.14
142.28,247.19,224.25,50.51,105.07,186.91,330.55,297.18,133.07,3909.52
143.73,244.87,229.5,52.57,107.48,185.92,327.39,303.81,136.38,3974.54
142.37,250.52,230.22,52.52,106.92,184.85,325.73,302.2,135.86,3971.09
143.49,252.01,233.08,51.77,105.93,185.53,332.01,304.82,134.72,3958.55
141.44,254.72,231.87,51.71,104.79,184.52,327,305.25,133.26,3972.89
144.57,252.96,232.74,51.98,105.75,188.97,327.64,307.75,133.23,4019.87
146.06,259.36,233.71,52.41,104.51,188.5,323.54,315.4,135.93,4077.91
146.15,255.17,230.64,52.025,103.58,189.73,327.06,313.78,134.22,4073.94
147.13,252.58,230.41,51.77,104.19,187.56,326.55,312.47,134.93,4079.95
147.04,254.95,230.48,51.91,103.02,187.32,331.14,314.43,135.12,4097.17
147.78,252.36,230.75,52.09,102.92,187.89,330.81,319.23,135.73,4128.8
147.57,249.52,230.93,51.57,101.78,186.49,331.84,320.79,134.59,4127.99
145.99,253.27,229.35,51.66,102.24,185.49,327.68,320.4,131.18,4141.59
147.42,252.43,232.58,51.37,104.27,187.46,335.35,320.02,132.63,4124.66
148.53,251.11,232.52,51.64,103.42,185.93,338.55,322.74,132.58,4170.42
149.99,248.18,233.36,52.8,102.96,187.26,342.31,328.08,133.59,4185.47
148.54,244.15,232.39,52.85,103.26,187.43,343.09,326.85,133.12,4163.26
145.1,234.06,227.63,51.79,101.33,182.79,331.88,323.96,138.16,4134.94
147.18,235.92,232.46,51.93,102.73,183.11,335.27,325.95,143.55,4173.42
147.16,234.33,228.89,51.5,100.95,182.76,330.85,321.46,141.28,4134.98
144.33,238.38,230.11,51.91,101.55,183.02,339.35,323.89,142.43,4180.17
150.34,241.44,230.56,51.64,101.52,184.27,343.52,319.99,141.57,4187.62
150.36,242.47,230.34,51.37,102.7,184.64,346.63,320.59,142.01,4186.72
152.54,235.46,232.3,51.11,105.22,183.39,348.11,319.71,143,4183.18
154.63,235.94,227.47,51.46,106.9,185.33,352.97,325.34,144.24,4211.47
153.35,234.31,228.11,50.91,103.07,186.02,348.45,323.67,141.88,4181.17
154.8,235.19,228.17,51.17,105.53,185.51,350.16,330.27,144.75,4192.66
154.53,233.63,233.41,50.71,106.11,184.25,349.84,332.77,145.75,4164.66
156.39,228.18,237.88,51.13,108.96,181.51,357.62,332.05,145.22,4167.59
156.88,229.81,237.07,52.44,109.02,181.79,365.97,337.58,148.42,4201.62
158.98,235.47,240.99,53.43,110.02,184.84,370.89,339.25,145.46,4232.6
158.68,232.93,242.61,53.16,109.57,184.3,368.68,341.12,146.17,4188.43
154.43,228.88,239.3,52.83,106.7,181.67,359.92,330.66,144.22,4152.1
152.3,220.78,237.32,51.6,107.37,177.85,354.4,317,141.3,4063.04
154.08,222.64,240.07,52.49,106.68,178.34,358.81,325.42,144.17,4112.5
157.15,228.47,242.23,52.9,109.47,173.7,368.77,323.63,144.68,4173.85
156.86,227.98,244.79,52.94,110.81,170.08,369.25,320.01,145.11,4163.29
154.99,227.55,239.47,52.93,106.18,169.68,364.56,316.75,143.91,4127.83
154.73,224.42,236.87,52.47,103.2,169.27,358.38,314.45,143.19,4115.68
155.53,227.65,234.99,52.85,103.56,171.36,359.78,315.9,143.88,4159.12
156.87,234.82,237.24,52.43,104.12,172.4,366.26,315.77,144.74,4155.86
158.64,237.44,239.05,53.39,105.6,174.31,368.29,314.84,144.72,4197.05
158.01,240.74,237.17,53.31,103.87,176.17,364.51,316.75,143.79,4188.13
158.58,241.37,237.71,52.91,104.12,176.47,367.4,317.33,143.38,4195.99
159.74,250.7,241.28,52.92,103.01,179.04,371.37,318.77,143.82,4200.88
160.13,247.02,241.08,52.9,103.79,178.65,372.02,318.91,143.74,4204.11
163.76,254.73,242.76,52.62,106.65,178.84,382.44,316.31,144.19,4202.04
164.12,255.62,243.46,52.96,108.08,177,383.44,313.23,145.72,4208.12
164.52,250.32,243.84,53.33,107.59,176.24,388.72,311.43,145.55,4192.85
165,249.92,244.02,54.07,108.45,177.18,391.45,311.01,147.42,4229.89
165.92,252.66,239.76,53.92,107.75,176.99,388.16,309.96,148.02,4226.52
166.51,252.76,240.16,54.13,108.73,176.33,384.7,310.9,149.07,4227.26
164.09,248.06,234.65,54.02,107.78,176.04,382.78,307.34,150.67,4219.55
162.23,248.34,225.73,55.03,108.41,176.57,373.94,308.31,150.54,4239.18
164.51,247.28,220.7,54.77,107.91,177.38,378.05,310.77,151.28,4247.44
163.81,245.14,219.01,54.17,107.97,178.18,372.92,309.32,150.03,4255.15
166.27,246.54,219.46,53.79,110.3,175.86,371.3,306.45,149.36,4246.59
164.68,242.27,217.16,53.47,109.67,174.66,371,302.78,147.83,4223.7
162.13,239.22,209.45,53.13,107.07,174.65,361.5,303.12,145.6,4221.86
158.17,237.35,208.86,52.07,103.03,172.42,348.83,302.61,143.12,4166.45
164.9,245.28,213.21,53.18,106.05,173.97,357.54,307.6,146.65,4224.79
164.5,243.78,213.13,53.26,106.4,173.5,357.53,312.71,146.36,4246.44
166.02,243.57,213.79,52.76,106.27,175.33,361.05,311.67,144.61,4241.84
168.21,250.57,219.34,52.78,107.14,177.93,368.75,311.84,145.44,4266.49
169.45,248.38,216.31,53.06,107.3,178.35,368.77,313.63,146.84,4280.7
164.78,239.96,216.27,52.96,103.99,176.57,368.71,314.28,145.29,4290.61
164.25,235.76,215.1,52.91,103.76,173.93,372.62,318.24,145.55,4291.8
165.23,239.56,217.63,53,104.74,175.77,379.53,318.89,146.59,4297.5
166.94,239.73,216.71,53.44,106.21,177.26,374.99,321.54,146.84,4319.94
168.5,236.68,217.76,53.54,106.07,177.11,374.16,322.7,140.02,4352.34
169.56,236.14,213.52,52.98,103.99,173.69,369.86,319.26,138.78,4343.54
170.98,231.78,214.69,53.26,102.93,172.82,367.67,323.48,139.82,4358.13
167.5,236.77,212.11,53.26,102.6,172.8,358.94,318.54,140.74,4320.82
171.94,239.59,217.42,53.74,104.07,177.04,371.76,322.09,141.52,4369.55
173.6,238.29,218.58,53.23,104.28,184.38,380.5,321.74,140.92,4384.63
172.62,228.2,215.19,53.32,103.93,183.65,375.98,317.05,140.28,4369.21
172.52,224.45,211.64,54.09,101.97,183.42,374.4,319.22,139.82,4374.3
172.85,222.76,211.41,53.65,101.3,184.15,373.35,322.71,140.45,4360.03
170.01,217.74,207.95,53.7,98.62,179.31,364.8,321.54,138.9,4327.16
162.81,206.99,203.08,53.06,95.96,172.95,354.72,318.87,137.92,4258.49
168.87,217.15,207.96,53.58,96.53,176.75,364.76,325.35,139.97,4323.06
172.51,222.54,210.73,53.88,99.82,176.89,373.5,326.36,141.3,4358.69
170.9,220.87,209.16,54.54,98.82,175.13,372.71,326.66,140.71,4367.48
173.18,221.52,209.53,55.23,98.86,176.14,374.05,332.84,141.34,4411.79
172.61,225.85,211.03,55.47,100.95,178.74,375.9,331.18,142.77,4422.3
172.94,222.27,209.9,55.28,100.61,179.5,374.84,327.26,142.75,4401.46
170.02,231.57,211.44,54.77,101.18,179.1,374.23,325.52,141.77,4400.64
171.95,231.63,212.56,55.07,102.57,178.35,377.55,327.43,141.93,4419.15
170.53,226.48,206.75,55.37,101.81,176.02,374.88,328.19,140.96,4395.26
169.27,225.34,205.16,55.45,101.63,175.55,378.19,327.22,141.42,4387.16
169.04,229.09,208.5,56.25,102.6,172.99,380.36,331.94,144.07,4423.15
168.06,226.63,204.52,55.69,100.3,172.58,377.86,330.31,142.76,4402.66
169.63,229.94,207.19,55.76,101.23,176.71,384.3,333.11,142.77,4429.1
171.36,231.33,208.35,55.59,101.95,177.13,397.89,329.84,144.09,4436.52
170.78,232.27,208.89,55.47,100.25,176.72,399.88,328.76,141.25,4432.35
169.49,235.78,214.07,55.61,102.08,177.07,407.97,331.48,141.38,4436.75
170.67,239.49,221.66,55.86,102.85,178.09,413.89,337,142.13,4447.7
168.52,238.18,220.24,56.39,102.64,179.29,415,334.02,143.07,4460.83
166.08,234.46,218.57,56.47,101.96,181.08,410.78,331.32,143.18,4468
165.75,229.06,217.71,56.28,100.92,179.09,408.35,335.05,143.59,4479.71
164.65,222.22,213.44,56.01,100.73,175.83,404.97,320.75,142.42,4448.08
162.13,219,209.81,55.15,96.7,174.74,398.8,321.55,139.47,4400.27
